{"data":[{"ObjectIdentifier": "S-1-5-21-4078382237-1492182817-2568127209-1000", "AllowedToAct": [], "PrimaryGroupSID": "S-1-5-21-4078382237-1492182817-2568127209-516", "LocalAdmins": {"Collected": false, "FailureReason": null, "Results": []}, "PSRemoteUsers": {"Collected": false, "FailureReason": null, "Results": []}, "Properties": {"name": "DC.ABSOLUTE.HTB", "domainsid": "S-1-5-21-4078382237-1492182817-2568127209", "domain": "ABSOLUTE.HTB", "distinguishedname": "CN=DC,OU=DOMAIN CONTROLLERS,DC=ABSOLUTE,DC=HTB", "unconstraineddelegation": true, "enabled": true, "trustedtoauth": false, "samaccountname": "DC$", "haslaps": false, "lastlogon": 1706728052, "lastlogontimestamp": 1706728038, "pwdlastset": 1660672876, "whencreated": 1654762598, "serviceprincipalnames": ["Dfsr-12F9A27C-BF97-4787-9364-D31B6C55EB04/dc.absolute.htb", "ldap/dc.absolute.htb/ForestDnsZones.absolute.htb", "ldap/dc.absolute.htb/DomainDnsZones.absolute.htb", "DNS/dc.absolute.htb", "GC/dc.absolute.htb/absolute.htb", "RestrictedKrbHost/dc.absolute.htb", "RestrictedKrbHost/DC", "RPC/9fce7d0e-38f3-4f7c-be36-dbe0173cf0c5._msdcs.absolute.htb", "HOST/DC/absolute", "HOST/dc.absolute.htb/absolute", "HOST/DC", "HOST/dc.absolute.htb", "HOST/dc.absolute.htb/absolute.htb", "E3514235-4B06-11D1-AB04-00C04FC2DCD2/9fce7d0e-38f3-4f7c-be36-dbe0173cf0c5/absolute.htb", "ldap/DC/absolute", "ldap/9fce7d0e-38f3-4f7c-be36-dbe0173cf0c5._msdcs.absolute.htb", "ldap/dc.absolute.htb/absolute", "ldap/DC", "ldap/dc.absolute.htb", "ldap/dc.absolute.htb/absolute.htb"], "description": null, "operatingsystem": "Windows Server 2019 Standard", "sidhistory": []}, "RemoteDesktopUsers": {"Collected": false, "FailureReason": null, "Results": []}, "DcomUsers": {"Collected": false, "FailureReason": null, "Results": []}, "AllowedToDelegate": [], "Sessions": {"Collected": false, "FailureReason": null, "Results": []}, "PrivilegedSessions": {"Collected": false, "FailureReason": null, "Results": []}, "RegistrySessions": {"Collected": false, "FailureReason": null, "Results": []}, "Aces": [{"RightName": "Owns", "IsInherited": false, "PrincipalSID": "S-1-5-21-4078382237-1492182817-2568127209-512", "PrincipalType": "Group"}, {"RightName": "GenericAll", "IsInherited": false, "PrincipalSID": "S-1-5-21-4078382237-1492182817-2568127209-512", "PrincipalType": "Group"}, {"RightName": "AddKeyCredentialLink", "IsInherited": true, "PrincipalSID": "S-1-5-21-4078382237-1492182817-2568127209-526", "PrincipalType": "Group"}, {"RightName": "AddKeyCredentialLink", "IsInherited": true, "PrincipalSID": "S-1-5-21-4078382237-1492182817-2568127209-527", "PrincipalType": "Group"}, {"RightName": "GenericAll", "IsInherited": true, "PrincipalSID": "S-1-5-21-4078382237-1492182817-2568127209-519", "PrincipalType": "Group"}, {"RightName": "GenericWrite", "IsInherited": true, "PrincipalSID": "ABSOLUTE.HTB-S-1-5-32-544", "PrincipalType": "Group"}, {"RightName": "WriteOwner", "IsInherited": true, "PrincipalSID": "ABSOLUTE.HTB-S-1-5-32-544", "PrincipalType": "Group"}, {"RightName": "WriteDacl", "IsInherited": true, "PrincipalSID": "ABSOLUTE.HTB-S-1-5-32-544", "PrincipalType": "Group"}], "HasSIDHistory": [], "IsDeleted": false, "Status": null, "IsACLProtected": false}],"meta":{"methods":0,"type":"computers","count":1, "version":5}}