{"data":[{"ObjectIdentifier": "S-1-5-21-4078382237-1492182817-2568127209-1119", "Properties": {"domain": "ABSOLUTE.HTB", "domainsid": "S-1-5-21-4078382237-1492182817-2568127209", "highvalue": false, "name": "NETWORK AUDIT@ABSOLUTE.HTB", "distinguishedname": "CN=NETWORK AUDIT,CN=USERS,DC=ABSOLUTE,DC=HTB", "admincount": false, "description": "Branch to do some auditing", "whencreated": 1654763151}, "Members": [{"ObjectIdentifier": "S-1-5-21-4078382237-1492182817-2568127209-1115", "ObjectType": "User"}], "Aces": [{"RightName": "Owns", "IsInherited": false, "PrincipalSID": "S-1-5-21-4078382237-1492182817-2568127209-1109", "PrincipalType": "User"}, {"RightName": "WriteOwner", "IsInherited": false, "PrincipalSID": "S-1-5-21-4078382237-1492182817-2568127209-1118", "PrincipalType": "Group"}, {"RightName": "GenericAll", "IsInherited": false, "PrincipalSID": "S-1-5-21-4078382237-1492182817-2568127209-512", "PrincipalType": "Group"}, {"RightName": "GenericAll", "IsInherited": false, "PrincipalSID": "ABSOLUTE.HTB-S-1-5-32-548", "PrincipalType": "Group"}, {"RightName": "GenericAll", "IsInherited": true, "PrincipalSID": "S-1-5-21-4078382237-1492182817-2568127209-519", "PrincipalType": "Group"}, {"RightName": "GenericWrite", "IsInherited": true, "PrincipalSID": "ABSOLUTE.HTB-S-1-5-32-544", "PrincipalType": "Group"}, {"RightName": "WriteOwner", "IsInherited": true, "PrincipalSID": "ABSOLUTE.HTB-S-1-5-32-544", "PrincipalType": "Group"}, {"RightName": "WriteDacl", "IsInherited": true, "PrincipalSID": "ABSOLUTE.HTB-S-1-5-32-544", "PrincipalType": "Group"}], "IsDeleted": false, "IsACLProtected": false},{"ObjectIdentifier": "S-1-5-21-4078382237-1492182817-2568127209-1118", "Properties": {"domain": "ABSOLUTE.HTB", "domainsid": "S-1-5-21-4078382237-1492182817-2568127209", "highvalue": false, "name": "NETWORKERS@ABSOLUTE.HTB", "distinguishedname": "CN=NETWORKERS,CN=USERS,DC=ABSOLUTE,DC=HTB", "admincount": false, "description": "We do network things often times very bad", "whencreated": 1654763151}, "Members": [{"ObjectIdentifier": "S-1-5-21-4078382237-1492182817-2568127209-1113", "ObjectType": "User"}, {"ObjectIdentifier": "S-1-5-21-4078382237-1492182817-2568127209-1112", "ObjectType": "User"}, {"ObjectIdentifier": "S-1-5-21-4078382237-1492182817-2568127209-1111", "ObjectType": "User"}, {"ObjectIdentifier": "S-1-5-21-4078382237-1492182817-2568127209-1110", "ObjectType": "User"}, {"ObjectIdentifier": "S-1-5-21-4078382237-1492182817-2568127209-1109", "ObjectType": "User"}], "Aces": [{"RightName": "Owns", "IsInherited": false, "PrincipalSID": "S-1-5-21-4078382237-1492182817-2568127209-512", "PrincipalType": "Group"}, {"RightName": "GenericAll", "IsInherited": false, "PrincipalSID": "S-1-5-21-4078382237-1492182817-2568127209-512", "PrincipalType": "Group"}, {"RightName": "GenericAll", "IsInherited": false, "PrincipalSID": "ABSOLUTE.HTB-S-1-5-32-548", "PrincipalType": "Group"}, {"RightName": "GenericAll", "IsInherited": true, "PrincipalSID": "S-1-5-21-4078382237-1492182817-2568127209-519", "PrincipalType": "Group"}, {"RightName": "GenericWrite", "IsInherited": true, "PrincipalSID": "ABSOLUTE.HTB-S-1-5-32-544", "PrincipalType": "Group"}, {"RightName": "WriteOwner", "IsInherited": true, "PrincipalSID": "ABSOLUTE.HTB-S-1-5-32-544", "PrincipalType": "Group"}, {"RightName": "WriteDacl", "IsInherited": true, "PrincipalSID": "ABSOLUTE.HTB-S-1-5-32-544", "PrincipalType": "Group"}], "IsDeleted": false, "IsACLProtected": false},{"ObjectIdentifier": "S-1-5-21-4078382237-1492182817-2568127209-1117", "Properties": {"domain": "ABSOLUTE.HTB", "domainsid": "S-1-5-21-4078382237-1492182817-2568127209", "highvalue": false, "name": "PHOTOGRAPHERS@ABSOLUTE.HTB", "distinguishedname": "CN=PHOTOGRAPHERS,CN=USERS,DC=ABSOLUTE,DC=HTB", "admincount": false, "description": "Say cheeeeese!", "whencreated": 1654763151}, "Members": [{"ObjectIdentifier": "S-1-5-21-4078382237-1492182817-2568127209-1108", "ObjectType": "User"}, {"ObjectIdentifier": "S-1-5-21-4078382237-1492182817-2568127209-1107", "ObjectType": "User"}, {"ObjectIdentifier": "S-1-5-21-4078382237-1492182817-2568127209-1106", "ObjectType": "User"}, {"ObjectIdentifier": "S-1-5-21-4078382237-1492182817-2568127209-1105", "ObjectType": "User"}, {"ObjectIdentifier": "S-1-5-21-4078382237-1492182817-2568127209-1104", "ObjectType": "User"}, {"ObjectIdentifier": "S-1-5-21-4078382237-1492182817-2568127209-1103", "ObjectType": "User"}], "Aces": [{"RightName": "Owns", "IsInherited": false, "PrincipalSID": "S-1-5-21-4078382237-1492182817-2568127209-512", "PrincipalType": "Group"}, {"RightName": "GenericAll", "IsInherited": false, "PrincipalSID": "S-1-5-21-4078382237-1492182817-2568127209-512", "PrincipalType": "Group"}, {"RightName": "GenericAll", "IsInherited": false, "PrincipalSID": "ABSOLUTE.HTB-S-1-5-32-548", "PrincipalType": "Group"}, {"RightName": "GenericAll", "IsInherited": true, "PrincipalSID": "S-1-5-21-4078382237-1492182817-2568127209-519", "PrincipalType": "Group"}, {"RightName": "GenericWrite", "IsInherited": true, "PrincipalSID": "ABSOLUTE.HTB-S-1-5-32-544", "PrincipalType": "Group"}, {"RightName": "WriteOwner", "IsInherited": true, "PrincipalSID": "ABSOLUTE.HTB-S-1-5-32-544", "PrincipalType": "Group"}, {"RightName": "WriteDacl", "IsInherited": true, "PrincipalSID": "ABSOLUTE.HTB-S-1-5-32-544", "PrincipalType": "Group"}], "IsDeleted": false, "IsACLProtected": false},{"ObjectIdentifier": "S-1-5-21-4078382237-1492182817-2568127209-1102", "Properties": {"domain": "ABSOLUTE.HTB", "domainsid": "S-1-5-21-4078382237-1492182817-2568127209", "highvalue": false, "name": "DNSUPDATEPROXY@ABSOLUTE.HTB", "distinguishedname": "CN=DNSUPDATEPROXY,CN=USERS,DC=ABSOLUTE,DC=HTB", "admincount": false, "description": "DNS clients who are permitted to perform dynamic updates on behalf of some other clients (such as DHCP servers).", "whencreated": 1654762638}, "Members": [], "Aces": [{"RightName": "GenericAll", "IsInherited": false, "PrincipalSID": "S-1-5-21-4078382237-1492182817-2568127209-512", "PrincipalType": "Group"}, {"RightName": "GenericAll", "IsInherited": false, "PrincipalSID": "ABSOLUTE.HTB-S-1-5-32-548", "PrincipalType": "Group"}, {"RightName": "GenericAll", "IsInherited": true, "PrincipalSID": "S-1-5-21-4078382237-1492182817-2568127209-519", "PrincipalType": "Group"}, {"RightName": "GenericWrite", "IsInherited": true, "PrincipalSID": "ABSOLUTE.HTB-S-1-5-32-544", "PrincipalType": "Group"}, {"RightName": "WriteOwner", "IsInherited": true, "PrincipalSID": "ABSOLUTE.HTB-S-1-5-32-544", "PrincipalType": "Group"}, {"RightName": "WriteDacl", "IsInherited": true, "PrincipalSID": "ABSOLUTE.HTB-S-1-5-32-544", "PrincipalType": "Group"}], "IsDeleted": false, "IsACLProtected": false},{"ObjectIdentifier": "S-1-5-21-4078382237-1492182817-2568127209-1101", "Properties": {"domain": "ABSOLUTE.HTB", "domainsid": "S-1-5-21-4078382237-1492182817-2568127209", "highvalue": false, "name": "DNSADMINS@ABSOLUTE.HTB", "distinguishedname": "CN=DNSADMINS,CN=USERS,DC=ABSOLUTE,DC=HTB", "admincount": false, "description": "DNS Administrators Group", "whencreated": 1654762638}, "Members": [], "Aces": [{"RightName": "GenericAll", "IsInherited": false, "PrincipalSID": "S-1-5-21-4078382237-1492182817-2568127209-512", "PrincipalType": "Group"}, {"RightName": "GenericAll", "IsInherited": false, "PrincipalSID": "ABSOLUTE.HTB-S-1-5-32-548", "PrincipalType": "Group"}, {"RightName": "GenericAll", "IsInherited": true, "PrincipalSID": "S-1-5-21-4078382237-1492182817-2568127209-519", "PrincipalType": "Group"}, {"RightName": "GenericWrite", "IsInherited": true, "PrincipalSID": "ABSOLUTE.HTB-S-1-5-32-544", "PrincipalType": "Group"}, {"RightName": "WriteOwner", "IsInherited": true, "PrincipalSID": "ABSOLUTE.HTB-S-1-5-32-544", "PrincipalType": "Group"}, {"RightName": "WriteDacl", "IsInherited": true, "PrincipalSID": "ABSOLUTE.HTB-S-1-5-32-544", "PrincipalType": "Group"}], "IsDeleted": false, "IsACLProtected": false},{"ObjectIdentifier": "S-1-5-21-4078382237-1492182817-2568127209-526", "Properties": {"domain": "ABSOLUTE.HTB", "domainsid": "S-1-5-21-4078382237-1492182817-2568127209", "highvalue": false, "name": "KEY ADMINS@ABSOLUTE.HTB", "distinguishedname": "CN=KEY ADMINS,CN=USERS,DC=ABSOLUTE,DC=HTB", "admincount": true, "description": "Members of this group can perform administrative actions on key objects within the domain.", "whencreated": 1654762598}, "Members": [], "Aces": [{"RightName": "Owns", "IsInherited": false, "PrincipalSID": "S-1-5-21-4078382237-1492182817-2568127209-512", "PrincipalType": "Group"}, {"RightName": "GenericWrite", "IsInherited": false, "PrincipalSID": "S-1-5-21-4078382237-1492182817-2568127209-512", "PrincipalType": "Group"}, {"RightName": "WriteOwner", "IsInherited": false, "PrincipalSID": "S-1-5-21-4078382237-1492182817-2568127209-512", "PrincipalType": "Group"}, {"RightName": "WriteDacl", "IsInherited": false, "PrincipalSID": "S-1-5-21-4078382237-1492182817-2568127209-512", "PrincipalType": "Group"}, {"RightName": "GenericWrite", "IsInherited": false, "PrincipalSID": "S-1-5-21-4078382237-1492182817-2568127209-519", "PrincipalType": "Group"}, {"RightName": "WriteOwner", "IsInherited": false, "PrincipalSID": "S-1-5-21-4078382237-1492182817-2568127209-519", "PrincipalType": "Group"}, {"RightName": "WriteDacl", "IsInherited": false, "PrincipalSID": "S-1-5-21-4078382237-1492182817-2568127209-519", "PrincipalType": "Group"}, {"RightName": "GenericWrite", "IsInherited": false, "PrincipalSID": "ABSOLUTE.HTB-S-1-5-32-544", "PrincipalType": "Group"}, {"RightName": "WriteOwner", "IsInherited": false, "PrincipalSID": "ABSOLUTE.HTB-S-1-5-32-544", "PrincipalType": "Group"}, {"RightName": "WriteDacl", "IsInherited": false, "PrincipalSID": "ABSOLUTE.HTB-S-1-5-32-544", "PrincipalType": "Group"}], "IsDeleted": false, "IsACLProtected": true},{"ObjectIdentifier": "S-1-5-21-4078382237-1492182817-2568127209-527", "Properties": {"domain": "ABSOLUTE.HTB", "domainsid": "S-1-5-21-4078382237-1492182817-2568127209", "highvalue": false, "name": "ENTERPRISE KEY ADMINS@ABSOLUTE.HTB", "distinguishedname": "CN=ENTERPRISE KEY ADMINS,CN=USERS,DC=ABSOLUTE,DC=HTB", "admincount": true, "description": "Members of this group can perform administrative actions on key objects within the forest.", "whencreated": 1654762598}, "Members": [], "Aces": [{"RightName": "Owns", "IsInherited": false, "PrincipalSID": "S-1-5-21-4078382237-1492182817-2568127209-512", "PrincipalType": "Group"}, {"RightName": "GenericWrite", "IsInherited": false, "PrincipalSID": "S-1-5-21-4078382237-1492182817-2568127209-512", "PrincipalType": "Group"}, {"RightName": "WriteOwner", "IsInherited": false, "PrincipalSID": "S-1-5-21-4078382237-1492182817-2568127209-512", "PrincipalType": "Group"}, {"RightName": "WriteDacl", "IsInherited": false, "PrincipalSID": "S-1-5-21-4078382237-1492182817-2568127209-512", "PrincipalType": "Group"}, {"RightName": "GenericWrite", "IsInherited": false, "PrincipalSID": "S-1-5-21-4078382237-1492182817-2568127209-519", "PrincipalType": "Group"}, {"RightName": "WriteOwner", "IsInherited": false, "PrincipalSID": "S-1-5-21-4078382237-1492182817-2568127209-519", "PrincipalType": "Group"}, {"RightName": "WriteDacl", "IsInherited": false, "PrincipalSID": "S-1-5-21-4078382237-1492182817-2568127209-519", "PrincipalType": "Group"}, {"RightName": "GenericWrite", "IsInherited": false, "PrincipalSID": "ABSOLUTE.HTB-S-1-5-32-544", "PrincipalType": "Group"}, {"RightName": "WriteOwner", "IsInherited": false, "PrincipalSID": "ABSOLUTE.HTB-S-1-5-32-544", "PrincipalType": "Group"}, {"RightName": "WriteDacl", "IsInherited": false, "PrincipalSID": "ABSOLUTE.HTB-S-1-5-32-544", "PrincipalType": "Group"}], "IsDeleted": false, "IsACLProtected": true},{"ObjectIdentifier": "S-1-5-21-4078382237-1492182817-2568127209-522", "Properties": {"domain": "ABSOLUTE.HTB", "domainsid": "S-1-5-21-4078382237-1492182817-2568127209", "highvalue": false, "name": "CLONEABLE DOMAIN CONTROLLERS@ABSOLUTE.HTB", "distinguishedname": "CN=CLONEABLE DOMAIN CONTROLLERS,CN=USERS,DC=ABSOLUTE,DC=HTB", "admincount": false, "description": "Members of this group that are domain controllers may be cloned.", "whencreated": 1654762598}, "Members": [], "Aces": [{"RightName": "Owns", "IsInherited": false, "PrincipalSID": "S-1-5-21-4078382237-1492182817-2568127209-512", "PrincipalType": "Group"}, {"RightName": "GenericAll", "IsInherited": false, "PrincipalSID": "S-1-5-21-4078382237-1492182817-2568127209-512", "PrincipalType": "Group"}, {"RightName": "GenericAll", "IsInherited": false, "PrincipalSID": "ABSOLUTE.HTB-S-1-5-32-548", "PrincipalType": "Group"}, {"RightName": "GenericAll", "IsInherited": true, "PrincipalSID": "S-1-5-21-4078382237-1492182817-2568127209-519", "PrincipalType": "Group"}, {"RightName": "GenericWrite", "IsInherited": true, "PrincipalSID": "ABSOLUTE.HTB-S-1-5-32-544", "PrincipalType": "Group"}, {"RightName": "WriteOwner", "IsInherited": true, "PrincipalSID": "ABSOLUTE.HTB-S-1-5-32-544", "PrincipalType": "Group"}, {"RightName": "WriteDacl", "IsInherited": true, "PrincipalSID": "ABSOLUTE.HTB-S-1-5-32-544", "PrincipalType": "Group"}], "IsDeleted": false, "IsACLProtected": false},{"ObjectIdentifier": "S-1-5-21-4078382237-1492182817-2568127209-525", "Properties": {"domain": "ABSOLUTE.HTB", "domainsid": "S-1-5-21-4078382237-1492182817-2568127209", "highvalue": false, "name": "PROTECTED USERS@ABSOLUTE.HTB", "distinguishedname": "CN=PROTECTED USERS,CN=USERS,DC=ABSOLUTE,DC=HTB", "admincount": false, "description": "Members of this group are afforded additional protections against authentication security threats. See http://go.microsoft.com/fwlink/?LinkId=298939 for more information.", "whencreated": 1654762598}, "Members": [{"ObjectIdentifier": "S-1-5-21-4078382237-1492182817-2568127209-1116", "ObjectType": "User"}, {"ObjectIdentifier": "S-1-5-21-4078382237-1492182817-2568127209-1115", "ObjectType": "User"}, {"ObjectIdentifier": "S-1-5-21-4078382237-1492182817-2568127209-1114", "ObjectType": "User"}, {"ObjectIdentifier": "S-1-5-21-4078382237-1492182817-2568127209-1113", "ObjectType": "User"}, {"ObjectIdentifier": "S-1-5-21-4078382237-1492182817-2568127209-1112", "ObjectType": "User"}, {"ObjectIdentifier": "S-1-5-21-4078382237-1492182817-2568127209-1111", "ObjectType": "User"}, {"ObjectIdentifier": "S-1-5-21-4078382237-1492182817-2568127209-1110", "ObjectType": "User"}, {"ObjectIdentifier": "S-1-5-21-4078382237-1492182817-2568127209-1109", "ObjectType": "User"}, {"ObjectIdentifier": "S-1-5-21-4078382237-1492182817-2568127209-1108", "ObjectType": "User"}, {"ObjectIdentifier": "S-1-5-21-4078382237-1492182817-2568127209-1107", "ObjectType": "User"}, {"ObjectIdentifier": "S-1-5-21-4078382237-1492182817-2568127209-1106", "ObjectType": "User"}, {"ObjectIdentifier": "S-1-5-21-4078382237-1492182817-2568127209-1105", "ObjectType": "User"}, {"ObjectIdentifier": "S-1-5-21-4078382237-1492182817-2568127209-1104", "ObjectType": "User"}, {"ObjectIdentifier": "S-1-5-21-4078382237-1492182817-2568127209-1103", "ObjectType": "User"}], "Aces": [{"RightName": "Owns", "IsInherited": false, "PrincipalSID": "S-1-5-21-4078382237-1492182817-2568127209-512", "PrincipalType": "Group"}, {"RightName": "GenericAll", "IsInherited": false, "PrincipalSID": "S-1-5-21-4078382237-1492182817-2568127209-512", "PrincipalType": "Group"}, {"RightName": "GenericAll", "IsInherited": false, "PrincipalSID": "ABSOLUTE.HTB-S-1-5-32-548", "PrincipalType": "Group"}, {"RightName": "GenericAll", "IsInherited": true, "PrincipalSID": "S-1-5-21-4078382237-1492182817-2568127209-519", "PrincipalType": "Group"}, {"RightName": "GenericWrite", "IsInherited": true, "PrincipalSID": "ABSOLUTE.HTB-S-1-5-32-544", "PrincipalType": "Group"}, {"RightName": "WriteOwner", "IsInherited": true, "PrincipalSID": "ABSOLUTE.HTB-S-1-5-32-544", "PrincipalType": "Group"}, {"RightName": "WriteDacl", "IsInherited": true, "PrincipalSID": "ABSOLUTE.HTB-S-1-5-32-544", "PrincipalType": "Group"}], "IsDeleted": false, "IsACLProtected": false},{"ObjectIdentifier": "S-1-5-21-4078382237-1492182817-2568127209-498", "Properties": {"domain": "ABSOLUTE.HTB", "domainsid": "S-1-5-21-4078382237-1492182817-2568127209", "highvalue": false, "name": "ENTERPRISE READ-ONLY DOMAIN CONTROLLERS@ABSOLUTE.HTB", "distinguishedname": "CN=ENTERPRISE READ-ONLY DOMAIN CONTROLLERS,CN=USERS,DC=ABSOLUTE,DC=HTB", "admincount": false, "description": "Members of this group are Read-Only Domain Controllers in the enterprise", "whencreated": 1654762598}, "Members": [], "Aces": [{"RightName": "Owns", "IsInherited": false, "PrincipalSID": "S-1-5-21-4078382237-1492182817-2568127209-512", "PrincipalType": "Group"}, {"RightName": "GenericAll", "IsInherited": false, "PrincipalSID": "S-1-5-21-4078382237-1492182817-2568127209-512", "PrincipalType": "Group"}, {"RightName": "GenericAll", "IsInherited": false, "PrincipalSID": "ABSOLUTE.HTB-S-1-5-32-548", "PrincipalType": "Group"}, {"RightName": "GenericAll", "IsInherited": true, "PrincipalSID": "S-1-5-21-4078382237-1492182817-2568127209-519", "PrincipalType": "Group"}, {"RightName": "GenericWrite", "IsInherited": true, "PrincipalSID": "ABSOLUTE.HTB-S-1-5-32-544", "PrincipalType": "Group"}, {"RightName": "WriteOwner", "IsInherited": true, "PrincipalSID": "ABSOLUTE.HTB-S-1-5-32-544", "PrincipalType": "Group"}, {"RightName": "WriteDacl", "IsInherited": true, "PrincipalSID": "ABSOLUTE.HTB-S-1-5-32-544", "PrincipalType": "Group"}], "IsDeleted": false, "IsACLProtected": false},{"ObjectIdentifier": "S-1-5-21-4078382237-1492182817-2568127209-521", "Properties": {"domain": "ABSOLUTE.HTB", "domainsid": "S-1-5-21-4078382237-1492182817-2568127209", "highvalue": false, "name": "READ-ONLY DOMAIN CONTROLLERS@ABSOLUTE.HTB", "distinguishedname": "CN=READ-ONLY DOMAIN CONTROLLERS,CN=USERS,DC=ABSOLUTE,DC=HTB", "admincount": true, "description": "Members of this group are Read-Only Domain Controllers in the domain", "whencreated": 1654762598}, "Members": [], "Aces": [{"RightName": "Owns", "IsInherited": false, "PrincipalSID": "S-1-5-21-4078382237-1492182817-2568127209-512", "PrincipalType": "Group"}, {"RightName": "GenericWrite", "IsInherited": false, "PrincipalSID": "S-1-5-21-4078382237-1492182817-2568127209-512", "PrincipalType": "Group"}, {"RightName": "WriteOwner", "IsInherited": false, "PrincipalSID": "S-1-5-21-4078382237-1492182817-2568127209-512", "PrincipalType": "Group"}, {"RightName": "WriteDacl", "IsInherited": false, "PrincipalSID": "S-1-5-21-4078382237-1492182817-2568127209-512", "PrincipalType": "Group"}, {"RightName": "GenericWrite", "IsInherited": false, "PrincipalSID": "S-1-5-21-4078382237-1492182817-2568127209-519", "PrincipalType": "Group"}, {"RightName": "WriteOwner", "IsInherited": false, "PrincipalSID": "S-1-5-21-4078382237-1492182817-2568127209-519", "PrincipalType": "Group"}, {"RightName": "WriteDacl", "IsInherited": false, "PrincipalSID": "S-1-5-21-4078382237-1492182817-2568127209-519", "PrincipalType": "Group"}, {"RightName": "GenericWrite", "IsInherited": false, "PrincipalSID": "ABSOLUTE.HTB-S-1-5-32-544", "PrincipalType": "Group"}, {"RightName": "WriteOwner", "IsInherited": false, "PrincipalSID": "ABSOLUTE.HTB-S-1-5-32-544", "PrincipalType": "Group"}, {"RightName": "WriteDacl", "IsInherited": false, "PrincipalSID": "ABSOLUTE.HTB-S-1-5-32-544", "PrincipalType": "Group"}], "IsDeleted": false, "IsACLProtected": true},{"ObjectIdentifier": "S-1-5-21-4078382237-1492182817-2568127209-572", "Properties": {"domain": "ABSOLUTE.HTB", "domainsid": "S-1-5-21-4078382237-1492182817-2568127209", "highvalue": false, "name": "DENIED RODC PASSWORD REPLICATION GROUP@ABSOLUTE.HTB", "distinguishedname": "CN=DENIED RODC PASSWORD REPLICATION GROUP,CN=USERS,DC=ABSOLUTE,DC=HTB", "admincount": false, "description": "Members in this group cannot have their passwords replicated to any read-only domain controllers in the domain", "whencreated": 1654762598}, "Members": [{"ObjectIdentifier": "S-1-5-21-4078382237-1492182817-2568127209-521", "ObjectType": "Group"}, {"ObjectIdentifier": "S-1-5-21-4078382237-1492182817-2568127209-520", "ObjectType": "Group"}, {"ObjectIdentifier": "S-1-5-21-4078382237-1492182817-2568127209-512", "ObjectType": "Group"}, {"ObjectIdentifier": "S-1-5-21-4078382237-1492182817-2568127209-517", "ObjectType": "Group"}, {"ObjectIdentifier": "S-1-5-21-4078382237-1492182817-2568127209-519", "ObjectType": "Group"}, {"ObjectIdentifier": "S-1-5-21-4078382237-1492182817-2568127209-518", "ObjectType": "Group"}, {"ObjectIdentifier": "S-1-5-21-4078382237-1492182817-2568127209-516", "ObjectType": "Group"}, {"ObjectIdentifier": "S-1-5-21-4078382237-1492182817-2568127209-502", "ObjectType": "User"}], "Aces": [{"RightName": "Owns", "IsInherited": false, "PrincipalSID": "S-1-5-21-4078382237-1492182817-2568127209-512", "PrincipalType": "Group"}, {"RightName": "GenericAll", "IsInherited": false, "PrincipalSID": "S-1-5-21-4078382237-1492182817-2568127209-512", "PrincipalType": "Group"}, {"RightName": "GenericAll", "IsInherited": false, "PrincipalSID": "ABSOLUTE.HTB-S-1-5-32-548", "PrincipalType": "Group"}, {"RightName": "GenericAll", "IsInherited": true, "PrincipalSID": "S-1-5-21-4078382237-1492182817-2568127209-519", "PrincipalType": "Group"}, {"RightName": "GenericWrite", "IsInherited": true, "PrincipalSID": "ABSOLUTE.HTB-S-1-5-32-544", "PrincipalType": "Group"}, {"RightName": "WriteOwner", "IsInherited": true, "PrincipalSID": "ABSOLUTE.HTB-S-1-5-32-544", "PrincipalType": "Group"}, {"RightName": "WriteDacl", "IsInherited": true, "PrincipalSID": "ABSOLUTE.HTB-S-1-5-32-544", "PrincipalType": "Group"}], "IsDeleted": false, "IsACLProtected": false},{"ObjectIdentifier": "S-1-5-21-4078382237-1492182817-2568127209-571", "Properties": {"domain": "ABSOLUTE.HTB", "domainsid": "S-1-5-21-4078382237-1492182817-2568127209", "highvalue": false, "name": "ALLOWED RODC PASSWORD REPLICATION GROUP@ABSOLUTE.HTB", "distinguishedname": "CN=ALLOWED RODC PASSWORD REPLICATION GROUP,CN=USERS,DC=ABSOLUTE,DC=HTB", "admincount": false, "description": "Members in this group can have their passwords replicated to all read-only domain controllers in the domain", "whencreated": 1654762598}, "Members": [], "Aces": [{"RightName": "Owns", "IsInherited": false, "PrincipalSID": "S-1-5-21-4078382237-1492182817-2568127209-512", "PrincipalType": "Group"}, {"RightName": "GenericAll", "IsInherited": false, "PrincipalSID": "S-1-5-21-4078382237-1492182817-2568127209-512", "PrincipalType": "Group"}, {"RightName": "GenericAll", "IsInherited": false, "PrincipalSID": "ABSOLUTE.HTB-S-1-5-32-548", "PrincipalType": "Group"}, {"RightName": "GenericAll", "IsInherited": true, "PrincipalSID": "S-1-5-21-4078382237-1492182817-2568127209-519", "PrincipalType": "Group"}, {"RightName": "GenericWrite", "IsInherited": true, "PrincipalSID": "ABSOLUTE.HTB-S-1-5-32-544", "PrincipalType": "Group"}, {"RightName": "WriteOwner", "IsInherited": true, "PrincipalSID": "ABSOLUTE.HTB-S-1-5-32-544", "PrincipalType": "Group"}, {"RightName": "WriteDacl", "IsInherited": true, "PrincipalSID": "ABSOLUTE.HTB-S-1-5-32-544", "PrincipalType": "Group"}], "IsDeleted": false, "IsACLProtected": false},{"ObjectIdentifier": "ABSOLUTE.HTB-S-1-5-32-561", "Properties": {"domain": "ABSOLUTE.HTB", "domainsid": "S-1-5-21-4078382237-1492182817-2568127209", "highvalue": false, "name": "TERMINAL SERVER LICENSE SERVERS@ABSOLUTE.HTB", "distinguishedname": "CN=TERMINAL SERVER LICENSE SERVERS,CN=BUILTIN,DC=ABSOLUTE,DC=HTB", "admincount": false, "description": "Members of this group can update user accounts in Active Directory with information about license issuance, for the purpose of tracking and reporting TS Per User CAL usage", "whencreated": 1654762598}, "Members": [], "Aces": [{"RightName": "Owns", "IsInherited": false, "PrincipalSID": "S-1-5-21-4078382237-1492182817-2568127209-512", "PrincipalType": "Group"}, {"RightName": "GenericAll", "IsInherited": false, "PrincipalSID": "S-1-5-21-4078382237-1492182817-2568127209-512", "PrincipalType": "Group"}, {"RightName": "GenericAll", "IsInherited": false, "PrincipalSID": "ABSOLUTE.HTB-S-1-5-32-548", "PrincipalType": "Group"}, {"RightName": "GenericAll", "IsInherited": true, "PrincipalSID": "S-1-5-21-4078382237-1492182817-2568127209-519", "PrincipalType": "Group"}, {"RightName": "GenericWrite", "IsInherited": true, "PrincipalSID": "ABSOLUTE.HTB-S-1-5-32-544", "PrincipalType": "Group"}, {"RightName": "WriteOwner", "IsInherited": true, "PrincipalSID": "ABSOLUTE.HTB-S-1-5-32-544", "PrincipalType": "Group"}, {"RightName": "WriteDacl", "IsInherited": true, "PrincipalSID": "ABSOLUTE.HTB-S-1-5-32-544", "PrincipalType": "Group"}], "IsDeleted": false, "IsACLProtected": false},{"ObjectIdentifier": "ABSOLUTE.HTB-S-1-5-32-560", "Properties": {"domain": "ABSOLUTE.HTB", "domainsid": "S-1-5-21-4078382237-1492182817-2568127209", "highvalue": false, "name": "WINDOWS AUTHORIZATION ACCESS GROUP@ABSOLUTE.HTB", "distinguishedname": "CN=WINDOWS AUTHORIZATION ACCESS GROUP,CN=BUILTIN,DC=ABSOLUTE,DC=HTB", "admincount": false, "description": "Members of this group have access to the computed tokenGroupsGlobalAndUniversal attribute on User objects", "whencreated": 1654762598}, "Members": [{"ObjectIdentifier": "ABSOLUTE.HTB-S-1-5-9", "ObjectType": "Group"}], "Aces": [{"RightName": "Owns", "IsInherited": false, "PrincipalSID": "S-1-5-21-4078382237-1492182817-2568127209-512", "PrincipalType": "Group"}, {"RightName": "GenericAll", "IsInherited": false, "PrincipalSID": "S-1-5-21-4078382237-1492182817-2568127209-512", "PrincipalType": "Group"}, {"RightName": "GenericAll", "IsInherited": false, "PrincipalSID": "ABSOLUTE.HTB-S-1-5-32-548", "PrincipalType": "Group"}, {"RightName": "GenericAll", "IsInherited": true, "PrincipalSID": "S-1-5-21-4078382237-1492182817-2568127209-519", "PrincipalType": "Group"}, {"RightName": "GenericWrite", "IsInherited": true, "PrincipalSID": "ABSOLUTE.HTB-S-1-5-32-544", "PrincipalType": "Group"}, {"RightName": "WriteOwner", "IsInherited": true, "PrincipalSID": "ABSOLUTE.HTB-S-1-5-32-544", "PrincipalType": "Group"}, {"RightName": "WriteDacl", "IsInherited": true, "PrincipalSID": "ABSOLUTE.HTB-S-1-5-32-544", "PrincipalType": "Group"}], "IsDeleted": false, "IsACLProtected": false},{"ObjectIdentifier": "ABSOLUTE.HTB-S-1-5-32-557", "Properties": {"domain": "ABSOLUTE.HTB", "domainsid": "S-1-5-21-4078382237-1492182817-2568127209", "highvalue": false, "name": "INCOMING FOREST TRUST BUILDERS@ABSOLUTE.HTB", "distinguishedname": "CN=INCOMING FOREST TRUST BUILDERS,CN=BUILTIN,DC=ABSOLUTE,DC=HTB", "admincount": false, "description": "Members of this group can create incoming, one-way trusts to this forest", "whencreated": 1654762598}, "Members": [], "Aces": [{"RightName": "Owns", "IsInherited": false, "PrincipalSID": "S-1-5-21-4078382237-1492182817-2568127209-512", "PrincipalType": "Group"}, {"RightName": "GenericAll", "IsInherited": false, "PrincipalSID": "S-1-5-21-4078382237-1492182817-2568127209-512", "PrincipalType": "Group"}, {"RightName": "GenericAll", "IsInherited": false, "PrincipalSID": "ABSOLUTE.HTB-S-1-5-32-548", "PrincipalType": "Group"}, {"RightName": "GenericAll", "IsInherited": true, "PrincipalSID": "S-1-5-21-4078382237-1492182817-2568127209-519", "PrincipalType": "Group"}, {"RightName": "GenericWrite", "IsInherited": true, "PrincipalSID": "ABSOLUTE.HTB-S-1-5-32-544", "PrincipalType": "Group"}, {"RightName": "WriteOwner", "IsInherited": true, "PrincipalSID": "ABSOLUTE.HTB-S-1-5-32-544", "PrincipalType": "Group"}, {"RightName": "WriteDacl", "IsInherited": true, "PrincipalSID": "ABSOLUTE.HTB-S-1-5-32-544", "PrincipalType": "Group"}], "IsDeleted": false, "IsACLProtected": false},{"ObjectIdentifier": "ABSOLUTE.HTB-S-1-5-32-554", "Properties": {"domain": "ABSOLUTE.HTB", "domainsid": "S-1-5-21-4078382237-1492182817-2568127209", "highvalue": false, "name": "PRE-WINDOWS 2000 COMPATIBLE ACCESS@ABSOLUTE.HTB", "distinguishedname": "CN=PRE-WINDOWS 2000 COMPATIBLE ACCESS,CN=BUILTIN,DC=ABSOLUTE,DC=HTB", "admincount": false, "description": "A backward compatibility group which allows read access on all users and groups in the domain", "whencreated": 1654762598}, "Members": [{"ObjectIdentifier": "S-1-5-21-4078382237-1492182817-2568127209-1000", "ObjectType": "Computer"}, {"ObjectIdentifier": "ABSOLUTE.HTB-S-1-5-11", "ObjectType": "Group"}], "Aces": [{"RightName": "Owns", "IsInherited": false, "PrincipalSID": "S-1-5-21-4078382237-1492182817-2568127209-512", "PrincipalType": "Group"}, {"RightName": "GenericAll", "IsInherited": false, "PrincipalSID": "S-1-5-21-4078382237-1492182817-2568127209-512", "PrincipalType": "Group"}, {"RightName": "GenericAll", "IsInherited": false, "PrincipalSID": "ABSOLUTE.HTB-S-1-5-32-548", "PrincipalType": "Group"}, {"RightName": "GenericAll", "IsInherited": true, "PrincipalSID": "S-1-5-21-4078382237-1492182817-2568127209-519", "PrincipalType": "Group"}, {"RightName": "GenericWrite", "IsInherited": true, "PrincipalSID": "ABSOLUTE.HTB-S-1-5-32-544", "PrincipalType": "Group"}, {"RightName": "WriteOwner", "IsInherited": true, "PrincipalSID": "ABSOLUTE.HTB-S-1-5-32-544", "PrincipalType": "Group"}, {"RightName": "WriteDacl", "IsInherited": true, "PrincipalSID": "ABSOLUTE.HTB-S-1-5-32-544", "PrincipalType": "Group"}], "IsDeleted": false, "IsACLProtected": false},{"ObjectIdentifier": "ABSOLUTE.HTB-S-1-5-32-548", "Properties": {"domain": "ABSOLUTE.HTB", "domainsid": "S-1-5-21-4078382237-1492182817-2568127209", "highvalue": true, "name": "ACCOUNT OPERATORS@ABSOLUTE.HTB", "distinguishedname": "CN=ACCOUNT OPERATORS,CN=BUILTIN,DC=ABSOLUTE,DC=HTB", "admincount": true, "description": "Members can administer domain user and group accounts", "whencreated": 1654762598}, "Members": [], "Aces": [{"RightName": "Owns", "IsInherited": false, "PrincipalSID": "S-1-5-21-4078382237-1492182817-2568127209-512", "PrincipalType": "Group"}, {"RightName": "GenericWrite", "IsInherited": false, "PrincipalSID": "S-1-5-21-4078382237-1492182817-2568127209-512", "PrincipalType": "Group"}, {"RightName": "WriteOwner", "IsInherited": false, "PrincipalSID": "S-1-5-21-4078382237-1492182817-2568127209-512", "PrincipalType": "Group"}, {"RightName": "WriteDacl", "IsInherited": false, "PrincipalSID": "S-1-5-21-4078382237-1492182817-2568127209-512", "PrincipalType": "Group"}, {"RightName": "GenericWrite", "IsInherited": false, "PrincipalSID": "S-1-5-21-4078382237-1492182817-2568127209-519", "PrincipalType": "Group"}, {"RightName": "WriteOwner", "IsInherited": false, "PrincipalSID": "S-1-5-21-4078382237-1492182817-2568127209-519", "PrincipalType": "Group"}, {"RightName": "WriteDacl", "IsInherited": false, "PrincipalSID": "S-1-5-21-4078382237-1492182817-2568127209-519", "PrincipalType": "Group"}, {"RightName": "GenericWrite", "IsInherited": false, "PrincipalSID": "ABSOLUTE.HTB-S-1-5-32-544", "PrincipalType": "Group"}, {"RightName": "WriteOwner", "IsInherited": false, "PrincipalSID": "ABSOLUTE.HTB-S-1-5-32-544", "PrincipalType": "Group"}, {"RightName": "WriteDacl", "IsInherited": false, "PrincipalSID": "ABSOLUTE.HTB-S-1-5-32-544", "PrincipalType": "Group"}], "IsDeleted": false, "IsACLProtected": true},{"ObjectIdentifier": "ABSOLUTE.HTB-S-1-5-32-549", "Properties": {"domain": "ABSOLUTE.HTB", "domainsid": "S-1-5-21-4078382237-1492182817-2568127209", "highvalue": true, "name": "SERVER OPERATORS@ABSOLUTE.HTB", "distinguishedname": "CN=SERVER OPERATORS,CN=BUILTIN,DC=ABSOLUTE,DC=HTB", "admincount": true, "description": "Members can administer domain servers", "whencreated": 1654762598}, "Members": [], "Aces": [{"RightName": "Owns", "IsInherited": false, "PrincipalSID": "S-1-5-21-4078382237-1492182817-2568127209-512", "PrincipalType": "Group"}, {"RightName": "GenericWrite", "IsInherited": false, "PrincipalSID": "S-1-5-21-4078382237-1492182817-2568127209-512", "PrincipalType": "Group"}, {"RightName": "WriteOwner", "IsInherited": false, "PrincipalSID": "S-1-5-21-4078382237-1492182817-2568127209-512", "PrincipalType": "Group"}, {"RightName": "WriteDacl", "IsInherited": false, "PrincipalSID": "S-1-5-21-4078382237-1492182817-2568127209-512", "PrincipalType": "Group"}, {"RightName": "GenericWrite", "IsInherited": false, "PrincipalSID": "S-1-5-21-4078382237-1492182817-2568127209-519", "PrincipalType": "Group"}, {"RightName": "WriteOwner", "IsInherited": false, "PrincipalSID": "S-1-5-21-4078382237-1492182817-2568127209-519", "PrincipalType": "Group"}, {"RightName": "WriteDacl", "IsInherited": false, "PrincipalSID": "S-1-5-21-4078382237-1492182817-2568127209-519", "PrincipalType": "Group"}, {"RightName": "GenericWrite", "IsInherited": false, "PrincipalSID": "ABSOLUTE.HTB-S-1-5-32-544", "PrincipalType": "Group"}, {"RightName": "WriteOwner", "IsInherited": false, "PrincipalSID": "ABSOLUTE.HTB-S-1-5-32-544", "PrincipalType": "Group"}, {"RightName": "WriteDacl", "IsInherited": false, "PrincipalSID": "ABSOLUTE.HTB-S-1-5-32-544", "PrincipalType": "Group"}], "IsDeleted": false, "IsACLProtected": true},{"ObjectIdentifier": "S-1-5-21-4078382237-1492182817-2568127209-553", "Properties": {"domain": "ABSOLUTE.HTB", "domainsid": "S-1-5-21-4078382237-1492182817-2568127209", "highvalue": false, "name": "RAS AND IAS SERVERS@ABSOLUTE.HTB", "distinguishedname": "CN=RAS AND IAS SERVERS,CN=USERS,DC=ABSOLUTE,DC=HTB", "admincount": false, "description": "Servers in this group can access remote access properties of users", "whencreated": 1654762598}, "Members": [], "Aces": [{"RightName": "Owns", "IsInherited": false, "PrincipalSID": "S-1-5-21-4078382237-1492182817-2568127209-512", "PrincipalType": "Group"}, {"RightName": "GenericAll", "IsInherited": false, "PrincipalSID": "S-1-5-21-4078382237-1492182817-2568127209-512", "PrincipalType": "Group"}, {"RightName": "GenericAll", "IsInherited": false, "PrincipalSID": "ABSOLUTE.HTB-S-1-5-32-548", "PrincipalType": "Group"}, {"RightName": "GenericAll", "IsInherited": true, "PrincipalSID": "S-1-5-21-4078382237-1492182817-2568127209-519", "PrincipalType": "Group"}, {"RightName": "GenericWrite", "IsInherited": true, "PrincipalSID": "ABSOLUTE.HTB-S-1-5-32-544", "PrincipalType": "Group"}, {"RightName": "WriteOwner", "IsInherited": true, "PrincipalSID": "ABSOLUTE.HTB-S-1-5-32-544", "PrincipalType": "Group"}, {"RightName": "WriteDacl", "IsInherited": true, "PrincipalSID": "ABSOLUTE.HTB-S-1-5-32-544", "PrincipalType": "Group"}], "IsDeleted": false, "IsACLProtected": false},{"ObjectIdentifier": "S-1-5-21-4078382237-1492182817-2568127209-520", "Properties": {"domain": "ABSOLUTE.HTB", "domainsid": "S-1-5-21-4078382237-1492182817-2568127209", "highvalue": true, "name": "GROUP POLICY CREATOR OWNERS@ABSOLUTE.HTB", "distinguishedname": "CN=GROUP POLICY CREATOR OWNERS,CN=USERS,DC=ABSOLUTE,DC=HTB", "admincount": false, "description": "Members in this group can modify group policy for the domain", "whencreated": 1654762598}, "Members": [{"ObjectIdentifier": "S-1-5-21-4078382237-1492182817-2568127209-500", "ObjectType": "User"}], "Aces": [{"RightName": "Owns", "IsInherited": false, "PrincipalSID": "S-1-5-21-4078382237-1492182817-2568127209-512", "PrincipalType": "Group"}, {"RightName": "GenericAll", "IsInherited": false, "PrincipalSID": "S-1-5-21-4078382237-1492182817-2568127209-512", "PrincipalType": "Group"}, {"RightName": "GenericAll", "IsInherited": false, "PrincipalSID": "ABSOLUTE.HTB-S-1-5-32-548", "PrincipalType": "Group"}, {"RightName": "GenericAll", "IsInherited": true, "PrincipalSID": "S-1-5-21-4078382237-1492182817-2568127209-519", "PrincipalType": "Group"}, {"RightName": "GenericWrite", "IsInherited": true, "PrincipalSID": "ABSOLUTE.HTB-S-1-5-32-544", "PrincipalType": "Group"}, {"RightName": "WriteOwner", "IsInherited": true, "PrincipalSID": "ABSOLUTE.HTB-S-1-5-32-544", "PrincipalType": "Group"}, {"RightName": "WriteDacl", "IsInherited": true, "PrincipalSID": "ABSOLUTE.HTB-S-1-5-32-544", "PrincipalType": "Group"}], "IsDeleted": false, "IsACLProtected": false},{"ObjectIdentifier": "S-1-5-21-4078382237-1492182817-2568127209-514", "Properties": {"domain": "ABSOLUTE.HTB", "domainsid": "S-1-5-21-4078382237-1492182817-2568127209", "highvalue": false, "name": "DOMAIN GUESTS@ABSOLUTE.HTB", "distinguishedname": "CN=DOMAIN GUESTS,CN=USERS,DC=ABSOLUTE,DC=HTB", "admincount": false, "description": "All domain guests", "whencreated": 1654762598}, "Members": [], "Aces": [{"RightName": "Owns", "IsInherited": false, "PrincipalSID": "S-1-5-21-4078382237-1492182817-2568127209-512", "PrincipalType": "Group"}, {"RightName": "GenericAll", "IsInherited": false, "PrincipalSID": "S-1-5-21-4078382237-1492182817-2568127209-512", "PrincipalType": "Group"}, {"RightName": "GenericAll", "IsInherited": false, "PrincipalSID": "ABSOLUTE.HTB-S-1-5-32-548", "PrincipalType": "Group"}, {"RightName": "GenericAll", "IsInherited": true, "PrincipalSID": "S-1-5-21-4078382237-1492182817-2568127209-519", "PrincipalType": "Group"}, {"RightName": "GenericWrite", "IsInherited": true, "PrincipalSID": "ABSOLUTE.HTB-S-1-5-32-544", "PrincipalType": "Group"}, {"RightName": "WriteOwner", "IsInherited": true, "PrincipalSID": "ABSOLUTE.HTB-S-1-5-32-544", "PrincipalType": "Group"}, {"RightName": "WriteDacl", "IsInherited": true, "PrincipalSID": "ABSOLUTE.HTB-S-1-5-32-544", "PrincipalType": "Group"}], "IsDeleted": false, "IsACLProtected": false},{"ObjectIdentifier": "S-1-5-21-4078382237-1492182817-2568127209-513", "Properties": {"domain": "ABSOLUTE.HTB", "domainsid": "S-1-5-21-4078382237-1492182817-2568127209", "highvalue": false, "name": "DOMAIN USERS@ABSOLUTE.HTB", "distinguishedname": "CN=DOMAIN USERS,CN=USERS,DC=ABSOLUTE,DC=HTB", "admincount": false, "description": "All domain users", "whencreated": 1654762598}, "Members": [], "Aces": [{"RightName": "Owns", "IsInherited": false, "PrincipalSID": "S-1-5-21-4078382237-1492182817-2568127209-512", "PrincipalType": "Group"}, {"RightName": "GenericAll", "IsInherited": false, "PrincipalSID": "S-1-5-21-4078382237-1492182817-2568127209-512", "PrincipalType": "Group"}, {"RightName": "GenericAll", "IsInherited": false, "PrincipalSID": "ABSOLUTE.HTB-S-1-5-32-548", "PrincipalType": "Group"}, {"RightName": "GenericAll", "IsInherited": true, "PrincipalSID": "S-1-5-21-4078382237-1492182817-2568127209-519", "PrincipalType": "Group"}, {"RightName": "GenericWrite", "IsInherited": true, "PrincipalSID": "ABSOLUTE.HTB-S-1-5-32-544", "PrincipalType": "Group"}, {"RightName": "WriteOwner", "IsInherited": true, "PrincipalSID": "ABSOLUTE.HTB-S-1-5-32-544", "PrincipalType": "Group"}, {"RightName": "WriteDacl", "IsInherited": true, "PrincipalSID": "ABSOLUTE.HTB-S-1-5-32-544", "PrincipalType": "Group"}], "IsDeleted": false, "IsACLProtected": false},{"ObjectIdentifier": "S-1-5-21-4078382237-1492182817-2568127209-512", "Properties": {"domain": "ABSOLUTE.HTB", "domainsid": "S-1-5-21-4078382237-1492182817-2568127209", "highvalue": true, "name": "DOMAIN ADMINS@ABSOLUTE.HTB", "distinguishedname": "CN=DOMAIN ADMINS,CN=USERS,DC=ABSOLUTE,DC=HTB", "admincount": true, "description": "Designated administrators of the domain", "whencreated": 1654762598}, "Members": [{"ObjectIdentifier": "S-1-5-21-4078382237-1492182817-2568127209-500", "ObjectType": "User"}], "Aces": [{"RightName": "Owns", "IsInherited": false, "PrincipalSID": "S-1-5-21-4078382237-1492182817-2568127209-512", "PrincipalType": "Group"}, {"RightName": "GenericWrite", "IsInherited": false, "PrincipalSID": "S-1-5-21-4078382237-1492182817-2568127209-512", "PrincipalType": "Group"}, {"RightName": "WriteOwner", "IsInherited": false, "PrincipalSID": "S-1-5-21-4078382237-1492182817-2568127209-512", "PrincipalType": "Group"}, {"RightName": "WriteDacl", "IsInherited": false, "PrincipalSID": "S-1-5-21-4078382237-1492182817-2568127209-512", "PrincipalType": "Group"}, {"RightName": "GenericWrite", "IsInherited": false, "PrincipalSID": "S-1-5-21-4078382237-1492182817-2568127209-519", "PrincipalType": "Group"}, {"RightName": "WriteOwner", "IsInherited": false, "PrincipalSID": "S-1-5-21-4078382237-1492182817-2568127209-519", "PrincipalType": "Group"}, {"RightName": "WriteDacl", "IsInherited": false, "PrincipalSID": "S-1-5-21-4078382237-1492182817-2568127209-519", "PrincipalType": "Group"}, {"RightName": "GenericWrite", "IsInherited": false, "PrincipalSID": "ABSOLUTE.HTB-S-1-5-32-544", "PrincipalType": "Group"}, {"RightName": "WriteOwner", "IsInherited": false, "PrincipalSID": "ABSOLUTE.HTB-S-1-5-32-544", "PrincipalType": "Group"}, {"RightName": "WriteDacl", "IsInherited": false, "PrincipalSID": "ABSOLUTE.HTB-S-1-5-32-544", "PrincipalType": "Group"}], "IsDeleted": false, "IsACLProtected": true},{"ObjectIdentifier": "S-1-5-21-4078382237-1492182817-2568127209-519", "Properties": {"domain": "ABSOLUTE.HTB", "domainsid": "S-1-5-21-4078382237-1492182817-2568127209", "highvalue": true, "name": "ENTERPRISE ADMINS@ABSOLUTE.HTB", "distinguishedname": "CN=ENTERPRISE ADMINS,CN=USERS,DC=ABSOLUTE,DC=HTB", "admincount": true, "description": "Designated administrators of the enterprise", "whencreated": 1654762598}, "Members": [{"ObjectIdentifier": "S-1-5-21-4078382237-1492182817-2568127209-500", "ObjectType": "User"}], "Aces": [{"RightName": "Owns", "IsInherited": false, "PrincipalSID": "S-1-5-21-4078382237-1492182817-2568127209-512", "PrincipalType": "Group"}, {"RightName": "GenericWrite", "IsInherited": false, "PrincipalSID": "S-1-5-21-4078382237-1492182817-2568127209-512", "PrincipalType": "Group"}, {"RightName": "WriteOwner", "IsInherited": false, "PrincipalSID": "S-1-5-21-4078382237-1492182817-2568127209-512", "PrincipalType": "Group"}, {"RightName": "WriteDacl", "IsInherited": false, "PrincipalSID": "S-1-5-21-4078382237-1492182817-2568127209-512", "PrincipalType": "Group"}, {"RightName": "GenericWrite", "IsInherited": false, "PrincipalSID": "S-1-5-21-4078382237-1492182817-2568127209-519", "PrincipalType": "Group"}, {"RightName": "WriteOwner", "IsInherited": false, "PrincipalSID": "S-1-5-21-4078382237-1492182817-2568127209-519", "PrincipalType": "Group"}, {"RightName": "WriteDacl", "IsInherited": false, "PrincipalSID": "S-1-5-21-4078382237-1492182817-2568127209-519", "PrincipalType": "Group"}, {"RightName": "GenericWrite", "IsInherited": false, "PrincipalSID": "ABSOLUTE.HTB-S-1-5-32-544", "PrincipalType": "Group"}, {"RightName": "WriteOwner", "IsInherited": false, "PrincipalSID": "ABSOLUTE.HTB-S-1-5-32-544", "PrincipalType": "Group"}, {"RightName": "WriteDacl", "IsInherited": false, "PrincipalSID": "ABSOLUTE.HTB-S-1-5-32-544", "PrincipalType": "Group"}], "IsDeleted": false, "IsACLProtected": true},{"ObjectIdentifier": "S-1-5-21-4078382237-1492182817-2568127209-517", "Properties": {"domain": "ABSOLUTE.HTB", "domainsid": "S-1-5-21-4078382237-1492182817-2568127209", "highvalue": false, "name": "CERT PUBLISHERS@ABSOLUTE.HTB", "distinguishedname": "CN=CERT PUBLISHERS,CN=USERS,DC=ABSOLUTE,DC=HTB", "admincount": false, "description": "Members of this group are permitted to publish certificates to the directory", "whencreated": 1654762598}, "Members": [{"ObjectIdentifier": "S-1-5-21-4078382237-1492182817-2568127209-1000", "ObjectType": "Computer"}], "Aces": [{"RightName": "Owns", "IsInherited": false, "PrincipalSID": "S-1-5-21-4078382237-1492182817-2568127209-512", "PrincipalType": "Group"}, {"RightName": "GenericAll", "IsInherited": false, "PrincipalSID": "S-1-5-21-4078382237-1492182817-2568127209-512", "PrincipalType": "Group"}, {"RightName": "GenericAll", "IsInherited": false, "PrincipalSID": "ABSOLUTE.HTB-S-1-5-32-548", "PrincipalType": "Group"}, {"RightName": "GenericAll", "IsInherited": true, "PrincipalSID": "S-1-5-21-4078382237-1492182817-2568127209-519", "PrincipalType": "Group"}, {"RightName": "GenericWrite", "IsInherited": true, "PrincipalSID": "ABSOLUTE.HTB-S-1-5-32-544", "PrincipalType": "Group"}, {"RightName": "WriteOwner", "IsInherited": true, "PrincipalSID": "ABSOLUTE.HTB-S-1-5-32-544", "PrincipalType": "Group"}, {"RightName": "WriteDacl", "IsInherited": true, "PrincipalSID": "ABSOLUTE.HTB-S-1-5-32-544", "PrincipalType": "Group"}], "IsDeleted": false, "IsACLProtected": false},{"ObjectIdentifier": "S-1-5-21-4078382237-1492182817-2568127209-516", "Properties": {"domain": "ABSOLUTE.HTB", "domainsid": "S-1-5-21-4078382237-1492182817-2568127209", "highvalue": true, "name": "DOMAIN CONTROLLERS@ABSOLUTE.HTB", "distinguishedname": "CN=DOMAIN CONTROLLERS,CN=USERS,DC=ABSOLUTE,DC=HTB", "admincount": true, "description": "All domain controllers in the domain", "whencreated": 1654762598}, "Members": [], "Aces": [{"RightName": "Owns", "IsInherited": false, "PrincipalSID": "S-1-5-21-4078382237-1492182817-2568127209-512", "PrincipalType": "Group"}, {"RightName": "GenericWrite", "IsInherited": false, "PrincipalSID": "S-1-5-21-4078382237-1492182817-2568127209-512", "PrincipalType": "Group"}, {"RightName": "WriteOwner", "IsInherited": false, "PrincipalSID": "S-1-5-21-4078382237-1492182817-2568127209-512", "PrincipalType": "Group"}, {"RightName": "WriteDacl", "IsInherited": false, "PrincipalSID": "S-1-5-21-4078382237-1492182817-2568127209-512", "PrincipalType": "Group"}, {"RightName": "GenericWrite", "IsInherited": false, "PrincipalSID": "S-1-5-21-4078382237-1492182817-2568127209-519", "PrincipalType": "Group"}, {"RightName": "WriteOwner", "IsInherited": false, "PrincipalSID": "S-1-5-21-4078382237-1492182817-2568127209-519", "PrincipalType": "Group"}, {"RightName": "WriteDacl", "IsInherited": false, "PrincipalSID": "S-1-5-21-4078382237-1492182817-2568127209-519", "PrincipalType": "Group"}, {"RightName": "GenericWrite", "IsInherited": false, "PrincipalSID": "ABSOLUTE.HTB-S-1-5-32-544", "PrincipalType": "Group"}, {"RightName": "WriteOwner", "IsInherited": false, "PrincipalSID": "ABSOLUTE.HTB-S-1-5-32-544", "PrincipalType": "Group"}, {"RightName": "WriteDacl", "IsInherited": false, "PrincipalSID": "ABSOLUTE.HTB-S-1-5-32-544", "PrincipalType": "Group"}], "IsDeleted": false, "IsACLProtected": true},{"ObjectIdentifier": "S-1-5-21-4078382237-1492182817-2568127209-518", "Properties": {"domain": "ABSOLUTE.HTB", "domainsid": "S-1-5-21-4078382237-1492182817-2568127209", "highvalue": false, "name": "SCHEMA ADMINS@ABSOLUTE.HTB", "distinguishedname": "CN=SCHEMA ADMINS,CN=USERS,DC=ABSOLUTE,DC=HTB", "admincount": true, "description": "Designated administrators of the schema", "whencreated": 1654762598}, "Members": [{"ObjectIdentifier": "S-1-5-21-4078382237-1492182817-2568127209-500", "ObjectType": "User"}], "Aces": [{"RightName": "Owns", "IsInherited": false, "PrincipalSID": "S-1-5-21-4078382237-1492182817-2568127209-512", "PrincipalType": "Group"}, {"RightName": "GenericWrite", "IsInherited": false, "PrincipalSID": "S-1-5-21-4078382237-1492182817-2568127209-512", "PrincipalType": "Group"}, {"RightName": "WriteOwner", "IsInherited": false, "PrincipalSID": "S-1-5-21-4078382237-1492182817-2568127209-512", "PrincipalType": "Group"}, {"RightName": "WriteDacl", "IsInherited": false, "PrincipalSID": "S-1-5-21-4078382237-1492182817-2568127209-512", "PrincipalType": "Group"}, {"RightName": "GenericWrite", "IsInherited": false, "PrincipalSID": "S-1-5-21-4078382237-1492182817-2568127209-519", "PrincipalType": "Group"}, {"RightName": "WriteOwner", "IsInherited": false, "PrincipalSID": "S-1-5-21-4078382237-1492182817-2568127209-519", "PrincipalType": "Group"}, {"RightName": "WriteDacl", "IsInherited": false, "PrincipalSID": "S-1-5-21-4078382237-1492182817-2568127209-519", "PrincipalType": "Group"}, {"RightName": "GenericWrite", "IsInherited": false, "PrincipalSID": "ABSOLUTE.HTB-S-1-5-32-544", "PrincipalType": "Group"}, {"RightName": "WriteOwner", "IsInherited": false, "PrincipalSID": "ABSOLUTE.HTB-S-1-5-32-544", "PrincipalType": "Group"}, {"RightName": "WriteDacl", "IsInherited": false, "PrincipalSID": "ABSOLUTE.HTB-S-1-5-32-544", "PrincipalType": "Group"}], "IsDeleted": false, "IsACLProtected": true},{"ObjectIdentifier": "S-1-5-21-4078382237-1492182817-2568127209-515", "Properties": {"domain": "ABSOLUTE.HTB", "domainsid": "S-1-5-21-4078382237-1492182817-2568127209", "highvalue": false, "name": "DOMAIN COMPUTERS@ABSOLUTE.HTB", "distinguishedname": "CN=DOMAIN COMPUTERS,CN=USERS,DC=ABSOLUTE,DC=HTB", "admincount": false, "description": "All workstations and servers joined to the domain", "whencreated": 1654762598}, "Members": [], "Aces": [{"RightName": "Owns", "IsInherited": false, "PrincipalSID": "S-1-5-21-4078382237-1492182817-2568127209-512", "PrincipalType": "Group"}, {"RightName": "GenericAll", "IsInherited": false, "PrincipalSID": "S-1-5-21-4078382237-1492182817-2568127209-512", "PrincipalType": "Group"}, {"RightName": "GenericAll", "IsInherited": false, "PrincipalSID": "ABSOLUTE.HTB-S-1-5-32-548", "PrincipalType": "Group"}, {"RightName": "GenericAll", "IsInherited": true, "PrincipalSID": "S-1-5-21-4078382237-1492182817-2568127209-519", "PrincipalType": "Group"}, {"RightName": "GenericWrite", "IsInherited": true, "PrincipalSID": "ABSOLUTE.HTB-S-1-5-32-544", "PrincipalType": "Group"}, {"RightName": "WriteOwner", "IsInherited": true, "PrincipalSID": "ABSOLUTE.HTB-S-1-5-32-544", "PrincipalType": "Group"}, {"RightName": "WriteDacl", "IsInherited": true, "PrincipalSID": "ABSOLUTE.HTB-S-1-5-32-544", "PrincipalType": "Group"}], "IsDeleted": false, "IsACLProtected": false},{"ObjectIdentifier": "ABSOLUTE.HTB-S-1-5-32-582", "Properties": {"domain": "ABSOLUTE.HTB", "domainsid": "S-1-5-21-4078382237-1492182817-2568127209", "highvalue": false, "name": "STORAGE REPLICA ADMINISTRATORS@ABSOLUTE.HTB", "distinguishedname": "CN=STORAGE REPLICA ADMINISTRATORS,CN=BUILTIN,DC=ABSOLUTE,DC=HTB", "admincount": false, "description": "Members of this group have complete and unrestricted access to all features of Storage Replica.", "whencreated": 1654762578}, "Members": [], "Aces": [{"RightName": "Owns", "IsInherited": false, "PrincipalSID": "ABSOLUTE.HTB-S-1-5-32-544", "PrincipalType": "Group"}, {"RightName": "GenericAll", "IsInherited": false, "PrincipalSID": "S-1-5-21-4078382237-1492182817-2568127209-512", "PrincipalType": "Group"}, {"RightName": "GenericAll", "IsInherited": false, "PrincipalSID": "ABSOLUTE.HTB-S-1-5-32-548", "PrincipalType": "Group"}, {"RightName": "GenericAll", "IsInherited": true, "PrincipalSID": "S-1-5-21-4078382237-1492182817-2568127209-519", "PrincipalType": "Group"}, {"RightName": "GenericWrite", "IsInherited": true, "PrincipalSID": "ABSOLUTE.HTB-S-1-5-32-544", "PrincipalType": "Group"}, {"RightName": "WriteOwner", "IsInherited": true, "PrincipalSID": "ABSOLUTE.HTB-S-1-5-32-544", "PrincipalType": "Group"}, {"RightName": "WriteDacl", "IsInherited": true, "PrincipalSID": "ABSOLUTE.HTB-S-1-5-32-544", "PrincipalType": "Group"}], "IsDeleted": false, "IsACLProtected": false},{"ObjectIdentifier": "ABSOLUTE.HTB-S-1-5-32-580", "Properties": {"domain": "ABSOLUTE.HTB", "domainsid": "S-1-5-21-4078382237-1492182817-2568127209", "highvalue": false, "name": "REMOTE MANAGEMENT USERS@ABSOLUTE.HTB", "distinguishedname": "CN=REMOTE MANAGEMENT USERS,CN=BUILTIN,DC=ABSOLUTE,DC=HTB", "admincount": false, "description": "Members of this group can access WMI resources over management protocols (such as WS-Management via the Windows Remote Management service). This applies only to WMI namespaces that grant access to the user.", "whencreated": 1654762578}, "Members": [{"ObjectIdentifier": "S-1-5-21-4078382237-1492182817-2568127209-1116", "ObjectType": "User"}], "Aces": [{"RightName": "Owns", "IsInherited": false, "PrincipalSID": "ABSOLUTE.HTB-S-1-5-32-544", "PrincipalType": "Group"}, {"RightName": "GenericAll", "IsInherited": false, "PrincipalSID": "S-1-5-21-4078382237-1492182817-2568127209-512", "PrincipalType": "Group"}, {"RightName": "GenericAll", "IsInherited": false, "PrincipalSID": "ABSOLUTE.HTB-S-1-5-32-548", "PrincipalType": "Group"}, {"RightName": "GenericAll", "IsInherited": true, "PrincipalSID": "S-1-5-21-4078382237-1492182817-2568127209-519", "PrincipalType": "Group"}, {"RightName": "GenericWrite", "IsInherited": true, "PrincipalSID": "ABSOLUTE.HTB-S-1-5-32-544", "PrincipalType": "Group"}, {"RightName": "WriteOwner", "IsInherited": true, "PrincipalSID": "ABSOLUTE.HTB-S-1-5-32-544", "PrincipalType": "Group"}, {"RightName": "WriteDacl", "IsInherited": true, "PrincipalSID": "ABSOLUTE.HTB-S-1-5-32-544", "PrincipalType": "Group"}], "IsDeleted": false, "IsACLProtected": false},{"ObjectIdentifier": "ABSOLUTE.HTB-S-1-5-32-579", "Properties": {"domain": "ABSOLUTE.HTB", "domainsid": "S-1-5-21-4078382237-1492182817-2568127209", "highvalue": false, "name": "ACCESS CONTROL ASSISTANCE OPERATORS@ABSOLUTE.HTB", "distinguishedname": "CN=ACCESS CONTROL ASSISTANCE OPERATORS,CN=BUILTIN,DC=ABSOLUTE,DC=HTB", "admincount": false, "description": "Members of this group can remotely query authorization attributes and permissions for resources on this computer.", "whencreated": 1654762578}, "Members": [], "Aces": [{"RightName": "Owns", "IsInherited": false, "PrincipalSID": "ABSOLUTE.HTB-S-1-5-32-544", "PrincipalType": "Group"}, {"RightName": "GenericAll", "IsInherited": false, "PrincipalSID": "S-1-5-21-4078382237-1492182817-2568127209-512", "PrincipalType": "Group"}, {"RightName": "GenericAll", "IsInherited": false, "PrincipalSID": "ABSOLUTE.HTB-S-1-5-32-548", "PrincipalType": "Group"}, {"RightName": "GenericAll", "IsInherited": true, "PrincipalSID": "S-1-5-21-4078382237-1492182817-2568127209-519", "PrincipalType": "Group"}, {"RightName": "GenericWrite", "IsInherited": true, "PrincipalSID": "ABSOLUTE.HTB-S-1-5-32-544", "PrincipalType": "Group"}, {"RightName": "WriteOwner", "IsInherited": true, "PrincipalSID": "ABSOLUTE.HTB-S-1-5-32-544", "PrincipalType": "Group"}, {"RightName": "WriteDacl", "IsInherited": true, "PrincipalSID": "ABSOLUTE.HTB-S-1-5-32-544", "PrincipalType": "Group"}], "IsDeleted": false, "IsACLProtected": false},{"ObjectIdentifier": "ABSOLUTE.HTB-S-1-5-32-578", "Properties": {"domain": "ABSOLUTE.HTB", "domainsid": "S-1-5-21-4078382237-1492182817-2568127209", "highvalue": false, "name": "HYPER-V ADMINISTRATORS@ABSOLUTE.HTB", "distinguishedname": "CN=HYPER-V ADMINISTRATORS,CN=BUILTIN,DC=ABSOLUTE,DC=HTB", "admincount": false, "description": "Members of this group have complete and unrestricted access to all features of Hyper-V.", "whencreated": 1654762578}, "Members": [], "Aces": [{"RightName": "Owns", "IsInherited": false, "PrincipalSID": "ABSOLUTE.HTB-S-1-5-32-544", "PrincipalType": "Group"}, {"RightName": "GenericAll", "IsInherited": false, "PrincipalSID": "S-1-5-21-4078382237-1492182817-2568127209-512", "PrincipalType": "Group"}, {"RightName": "GenericAll", "IsInherited": false, "PrincipalSID": "ABSOLUTE.HTB-S-1-5-32-548", "PrincipalType": "Group"}, {"RightName": "GenericAll", "IsInherited": true, "PrincipalSID": "S-1-5-21-4078382237-1492182817-2568127209-519", "PrincipalType": "Group"}, {"RightName": "GenericWrite", "IsInherited": true, "PrincipalSID": "ABSOLUTE.HTB-S-1-5-32-544", "PrincipalType": "Group"}, {"RightName": "WriteOwner", "IsInherited": true, "PrincipalSID": "ABSOLUTE.HTB-S-1-5-32-544", "PrincipalType": "Group"}, {"RightName": "WriteDacl", "IsInherited": true, "PrincipalSID": "ABSOLUTE.HTB-S-1-5-32-544", "PrincipalType": "Group"}], "IsDeleted": false, "IsACLProtected": false},{"ObjectIdentifier": "ABSOLUTE.HTB-S-1-5-32-577", "Properties": {"domain": "ABSOLUTE.HTB", "domainsid": "S-1-5-21-4078382237-1492182817-2568127209", "highvalue": false, "name": "RDS MANAGEMENT SERVERS@ABSOLUTE.HTB", "distinguishedname": "CN=RDS MANAGEMENT SERVERS,CN=BUILTIN,DC=ABSOLUTE,DC=HTB", "admincount": false, "description": "Servers in this group can perform routine administrative actions on servers running Remote Desktop Services. This group needs to be populated on all servers in a Remote Desktop Services deployment. The servers running the RDS Central Management service must be included in this group.", "whencreated": 1654762578}, "Members": [], "Aces": [{"RightName": "Owns", "IsInherited": false, "PrincipalSID": "ABSOLUTE.HTB-S-1-5-32-544", "PrincipalType": "Group"}, {"RightName": "GenericAll", "IsInherited": false, "PrincipalSID": "S-1-5-21-4078382237-1492182817-2568127209-512", "PrincipalType": "Group"}, {"RightName": "GenericAll", "IsInherited": false, "PrincipalSID": "ABSOLUTE.HTB-S-1-5-32-548", "PrincipalType": "Group"}, {"RightName": "GenericAll", "IsInherited": true, "PrincipalSID": "S-1-5-21-4078382237-1492182817-2568127209-519", "PrincipalType": "Group"}, {"RightName": "GenericWrite", "IsInherited": true, "PrincipalSID": "ABSOLUTE.HTB-S-1-5-32-544", "PrincipalType": "Group"}, {"RightName": "WriteOwner", "IsInherited": true, "PrincipalSID": "ABSOLUTE.HTB-S-1-5-32-544", "PrincipalType": "Group"}, {"RightName": "WriteDacl", "IsInherited": true, "PrincipalSID": "ABSOLUTE.HTB-S-1-5-32-544", "PrincipalType": "Group"}], "IsDeleted": false, "IsACLProtected": false},{"ObjectIdentifier": "ABSOLUTE.HTB-S-1-5-32-575", "Properties": {"domain": "ABSOLUTE.HTB", "domainsid": "S-1-5-21-4078382237-1492182817-2568127209", "highvalue": false, "name": "RDS REMOTE ACCESS SERVERS@ABSOLUTE.HTB", "distinguishedname": "CN=RDS REMOTE ACCESS SERVERS,CN=BUILTIN,DC=ABSOLUTE,DC=HTB", "admincount": false, "description": "Servers in this group enable users of RemoteApp programs and personal virtual desktops access to these resources. In Internet-facing deployments, these servers are typically deployed in an edge network. This group needs to be populated on servers running RD Connection Broker. RD Gateway servers and RD Web Access servers used in the deployment need to be in this group.", "whencreated": 1654762578}, "Members": [], "Aces": [{"RightName": "Owns", "IsInherited": false, "PrincipalSID": "ABSOLUTE.HTB-S-1-5-32-544", "PrincipalType": "Group"}, {"RightName": "GenericAll", "IsInherited": false, "PrincipalSID": "S-1-5-21-4078382237-1492182817-2568127209-512", "PrincipalType": "Group"}, {"RightName": "GenericAll", "IsInherited": false, "PrincipalSID": "ABSOLUTE.HTB-S-1-5-32-548", "PrincipalType": "Group"}, {"RightName": "GenericAll", "IsInherited": true, "PrincipalSID": "S-1-5-21-4078382237-1492182817-2568127209-519", "PrincipalType": "Group"}, {"RightName": "GenericWrite", "IsInherited": true, "PrincipalSID": "ABSOLUTE.HTB-S-1-5-32-544", "PrincipalType": "Group"}, {"RightName": "WriteOwner", "IsInherited": true, "PrincipalSID": "ABSOLUTE.HTB-S-1-5-32-544", "PrincipalType": "Group"}, {"RightName": "WriteDacl", "IsInherited": true, "PrincipalSID": "ABSOLUTE.HTB-S-1-5-32-544", "PrincipalType": "Group"}], "IsDeleted": false, "IsACLProtected": false},{"ObjectIdentifier": "ABSOLUTE.HTB-S-1-5-32-574", "Properties": {"domain": "ABSOLUTE.HTB", "domainsid": "S-1-5-21-4078382237-1492182817-2568127209", "highvalue": false, "name": "CERTIFICATE SERVICE DCOM ACCESS@ABSOLUTE.HTB", "distinguishedname": "CN=CERTIFICATE SERVICE DCOM ACCESS,CN=BUILTIN,DC=ABSOLUTE,DC=HTB", "admincount": false, "description": "Members of this group are allowed to connect to Certification Authorities in the enterprise", "whencreated": 1654762578}, "Members": [{"ObjectIdentifier": "ABSOLUTE.HTB-S-1-5-11", "ObjectType": "Group"}], "Aces": [{"RightName": "Owns", "IsInherited": false, "PrincipalSID": "ABSOLUTE.HTB-S-1-5-32-544", "PrincipalType": "Group"}, {"RightName": "GenericAll", "IsInherited": false, "PrincipalSID": "S-1-5-21-4078382237-1492182817-2568127209-512", "PrincipalType": "Group"}, {"RightName": "GenericAll", "IsInherited": false, "PrincipalSID": "ABSOLUTE.HTB-S-1-5-32-548", "PrincipalType": "Group"}, {"RightName": "GenericAll", "IsInherited": true, "PrincipalSID": "S-1-5-21-4078382237-1492182817-2568127209-519", "PrincipalType": "Group"}, {"RightName": "GenericWrite", "IsInherited": true, "PrincipalSID": "ABSOLUTE.HTB-S-1-5-32-544", "PrincipalType": "Group"}, {"RightName": "WriteOwner", "IsInherited": true, "PrincipalSID": "ABSOLUTE.HTB-S-1-5-32-544", "PrincipalType": "Group"}, {"RightName": "WriteDacl", "IsInherited": true, "PrincipalSID": "ABSOLUTE.HTB-S-1-5-32-544", "PrincipalType": "Group"}], "IsDeleted": false, "IsACLProtected": false},{"ObjectIdentifier": "ABSOLUTE.HTB-S-1-5-32-576", "Properties": {"domain": "ABSOLUTE.HTB", "domainsid": "S-1-5-21-4078382237-1492182817-2568127209", "highvalue": false, "name": "RDS ENDPOINT SERVERS@ABSOLUTE.HTB", "distinguishedname": "CN=RDS ENDPOINT SERVERS,CN=BUILTIN,DC=ABSOLUTE,DC=HTB", "admincount": false, "description": "Servers in this group run virtual machines and host sessions where users RemoteApp programs and personal virtual desktops run. This group needs to be populated on servers running RD Connection Broker. RD Session Host servers and RD Virtualization Host servers used in the deployment need to be in this group.", "whencreated": 1654762578}, "Members": [], "Aces": [{"RightName": "Owns", "IsInherited": false, "PrincipalSID": "ABSOLUTE.HTB-S-1-5-32-544", "PrincipalType": "Group"}, {"RightName": "GenericAll", "IsInherited": false, "PrincipalSID": "S-1-5-21-4078382237-1492182817-2568127209-512", "PrincipalType": "Group"}, {"RightName": "GenericAll", "IsInherited": false, "PrincipalSID": "ABSOLUTE.HTB-S-1-5-32-548", "PrincipalType": "Group"}, {"RightName": "GenericAll", "IsInherited": true, "PrincipalSID": "S-1-5-21-4078382237-1492182817-2568127209-519", "PrincipalType": "Group"}, {"RightName": "GenericWrite", "IsInherited": true, "PrincipalSID": "ABSOLUTE.HTB-S-1-5-32-544", "PrincipalType": "Group"}, {"RightName": "WriteOwner", "IsInherited": true, "PrincipalSID": "ABSOLUTE.HTB-S-1-5-32-544", "PrincipalType": "Group"}, {"RightName": "WriteDacl", "IsInherited": true, "PrincipalSID": "ABSOLUTE.HTB-S-1-5-32-544", "PrincipalType": "Group"}], "IsDeleted": false, "IsACLProtected": false},{"ObjectIdentifier": "ABSOLUTE.HTB-S-1-5-32-573", "Properties": {"domain": "ABSOLUTE.HTB", "domainsid": "S-1-5-21-4078382237-1492182817-2568127209", "highvalue": false, "name": "EVENT LOG READERS@ABSOLUTE.HTB", "distinguishedname": "CN=EVENT LOG READERS,CN=BUILTIN,DC=ABSOLUTE,DC=HTB", "admincount": false, "description": "Members of this group can read event logs from local machine", "whencreated": 1654762578}, "Members": [], "Aces": [{"RightName": "Owns", "IsInherited": false, "PrincipalSID": "ABSOLUTE.HTB-S-1-5-32-544", "PrincipalType": "Group"}, {"RightName": "GenericAll", "IsInherited": false, "PrincipalSID": "S-1-5-21-4078382237-1492182817-2568127209-512", "PrincipalType": "Group"}, {"RightName": "GenericAll", "IsInherited": false, "PrincipalSID": "ABSOLUTE.HTB-S-1-5-32-548", "PrincipalType": "Group"}, {"RightName": "GenericAll", "IsInherited": true, "PrincipalSID": "S-1-5-21-4078382237-1492182817-2568127209-519", "PrincipalType": "Group"}, {"RightName": "GenericWrite", "IsInherited": true, "PrincipalSID": "ABSOLUTE.HTB-S-1-5-32-544", "PrincipalType": "Group"}, {"RightName": "WriteOwner", "IsInherited": true, "PrincipalSID": "ABSOLUTE.HTB-S-1-5-32-544", "PrincipalType": "Group"}, {"RightName": "WriteDacl", "IsInherited": true, "PrincipalSID": "ABSOLUTE.HTB-S-1-5-32-544", "PrincipalType": "Group"}], "IsDeleted": false, "IsACLProtected": false},{"ObjectIdentifier": "ABSOLUTE.HTB-S-1-5-32-569", "Properties": {"domain": "ABSOLUTE.HTB", "domainsid": "S-1-5-21-4078382237-1492182817-2568127209", "highvalue": false, "name": "CRYPTOGRAPHIC OPERATORS@ABSOLUTE.HTB", "distinguishedname": "CN=CRYPTOGRAPHIC OPERATORS,CN=BUILTIN,DC=ABSOLUTE,DC=HTB", "admincount": false, "description": "Members are authorized to perform cryptographic operations.", "whencreated": 1654762578}, "Members": [], "Aces": [{"RightName": "Owns", "IsInherited": false, "PrincipalSID": "ABSOLUTE.HTB-S-1-5-32-544", "PrincipalType": "Group"}, {"RightName": "GenericAll", "IsInherited": false, "PrincipalSID": "S-1-5-21-4078382237-1492182817-2568127209-512", "PrincipalType": "Group"}, {"RightName": "GenericAll", "IsInherited": false, "PrincipalSID": "ABSOLUTE.HTB-S-1-5-32-548", "PrincipalType": "Group"}, {"RightName": "GenericAll", "IsInherited": true, "PrincipalSID": "S-1-5-21-4078382237-1492182817-2568127209-519", "PrincipalType": "Group"}, {"RightName": "GenericWrite", "IsInherited": true, "PrincipalSID": "ABSOLUTE.HTB-S-1-5-32-544", "PrincipalType": "Group"}, {"RightName": "WriteOwner", "IsInherited": true, "PrincipalSID": "ABSOLUTE.HTB-S-1-5-32-544", "PrincipalType": "Group"}, {"RightName": "WriteDacl", "IsInherited": true, "PrincipalSID": "ABSOLUTE.HTB-S-1-5-32-544", "PrincipalType": "Group"}], "IsDeleted": false, "IsACLProtected": false},{"ObjectIdentifier": "ABSOLUTE.HTB-S-1-5-32-568", "Properties": {"domain": "ABSOLUTE.HTB", "domainsid": "S-1-5-21-4078382237-1492182817-2568127209", "highvalue": false, "name": "IIS_IUSRS@ABSOLUTE.HTB", "distinguishedname": "CN=IIS_IUSRS,CN=BUILTIN,DC=ABSOLUTE,DC=HTB", "admincount": false, "description": "Built-in group used by Internet Information Services.", "whencreated": 1654762578}, "Members": [{"ObjectIdentifier": "ABSOLUTE.HTB-S-1-5-17", "ObjectType": "User"}], "Aces": [{"RightName": "Owns", "IsInherited": false, "PrincipalSID": "ABSOLUTE.HTB-S-1-5-32-544", "PrincipalType": "Group"}, {"RightName": "GenericAll", "IsInherited": false, "PrincipalSID": "S-1-5-21-4078382237-1492182817-2568127209-512", "PrincipalType": "Group"}, {"RightName": "GenericAll", "IsInherited": false, "PrincipalSID": "ABSOLUTE.HTB-S-1-5-32-548", "PrincipalType": "Group"}, {"RightName": "GenericAll", "IsInherited": true, "PrincipalSID": "S-1-5-21-4078382237-1492182817-2568127209-519", "PrincipalType": "Group"}, {"RightName": "GenericWrite", "IsInherited": true, "PrincipalSID": "ABSOLUTE.HTB-S-1-5-32-544", "PrincipalType": "Group"}, {"RightName": "WriteOwner", "IsInherited": true, "PrincipalSID": "ABSOLUTE.HTB-S-1-5-32-544", "PrincipalType": "Group"}, {"RightName": "WriteDacl", "IsInherited": true, "PrincipalSID": "ABSOLUTE.HTB-S-1-5-32-544", "PrincipalType": "Group"}], "IsDeleted": false, "IsACLProtected": false},{"ObjectIdentifier": "ABSOLUTE.HTB-S-1-5-32-562", "Properties": {"domain": "ABSOLUTE.HTB", "domainsid": "S-1-5-21-4078382237-1492182817-2568127209", "highvalue": false, "name": "DISTRIBUTED COM USERS@ABSOLUTE.HTB", "distinguishedname": "CN=DISTRIBUTED COM USERS,CN=BUILTIN,DC=ABSOLUTE,DC=HTB", "admincount": false, "description": "Members are allowed to launch, activate and use Distributed COM objects on this machine.", "whencreated": 1654762578}, "Members": [], "Aces": [{"RightName": "Owns", "IsInherited": false, "PrincipalSID": "ABSOLUTE.HTB-S-1-5-32-544", "PrincipalType": "Group"}, {"RightName": "GenericAll", "IsInherited": false, "PrincipalSID": "S-1-5-21-4078382237-1492182817-2568127209-512", "PrincipalType": "Group"}, {"RightName": "GenericAll", "IsInherited": false, "PrincipalSID": "ABSOLUTE.HTB-S-1-5-32-548", "PrincipalType": "Group"}, {"RightName": "GenericAll", "IsInherited": true, "PrincipalSID": "S-1-5-21-4078382237-1492182817-2568127209-519", "PrincipalType": "Group"}, {"RightName": "GenericWrite", "IsInherited": true, "PrincipalSID": "ABSOLUTE.HTB-S-1-5-32-544", "PrincipalType": "Group"}, {"RightName": "WriteOwner", "IsInherited": true, "PrincipalSID": "ABSOLUTE.HTB-S-1-5-32-544", "PrincipalType": "Group"}, {"RightName": "WriteDacl", "IsInherited": true, "PrincipalSID": "ABSOLUTE.HTB-S-1-5-32-544", "PrincipalType": "Group"}], "IsDeleted": false, "IsACLProtected": false},{"ObjectIdentifier": "ABSOLUTE.HTB-S-1-5-32-559", "Properties": {"domain": "ABSOLUTE.HTB", "domainsid": "S-1-5-21-4078382237-1492182817-2568127209", "highvalue": false, "name": "PERFORMANCE LOG USERS@ABSOLUTE.HTB", "distinguishedname": "CN=PERFORMANCE LOG USERS,CN=BUILTIN,DC=ABSOLUTE,DC=HTB", "admincount": false, "description": "Members of this group may schedule logging of performance counters, enable trace providers, and collect event traces both locally and via remote access to this computer", "whencreated": 1654762578}, "Members": [], "Aces": [{"RightName": "Owns", "IsInherited": false, "PrincipalSID": "ABSOLUTE.HTB-S-1-5-32-544", "PrincipalType": "Group"}, {"RightName": "GenericAll", "IsInherited": false, "PrincipalSID": "S-1-5-21-4078382237-1492182817-2568127209-512", "PrincipalType": "Group"}, {"RightName": "GenericAll", "IsInherited": false, "PrincipalSID": "ABSOLUTE.HTB-S-1-5-32-548", "PrincipalType": "Group"}, {"RightName": "GenericAll", "IsInherited": true, "PrincipalSID": "S-1-5-21-4078382237-1492182817-2568127209-519", "PrincipalType": "Group"}, {"RightName": "GenericWrite", "IsInherited": true, "PrincipalSID": "ABSOLUTE.HTB-S-1-5-32-544", "PrincipalType": "Group"}, {"RightName": "WriteOwner", "IsInherited": true, "PrincipalSID": "ABSOLUTE.HTB-S-1-5-32-544", "PrincipalType": "Group"}, {"RightName": "WriteDacl", "IsInherited": true, "PrincipalSID": "ABSOLUTE.HTB-S-1-5-32-544", "PrincipalType": "Group"}], "IsDeleted": false, "IsACLProtected": false},{"ObjectIdentifier": "ABSOLUTE.HTB-S-1-5-32-558", "Properties": {"domain": "ABSOLUTE.HTB", "domainsid": "S-1-5-21-4078382237-1492182817-2568127209", "highvalue": false, "name": "PERFORMANCE MONITOR USERS@ABSOLUTE.HTB", "distinguishedname": "CN=PERFORMANCE MONITOR USERS,CN=BUILTIN,DC=ABSOLUTE,DC=HTB", "admincount": false, "description": "Members of this group can access performance counter data locally and remotely", "whencreated": 1654762578}, "Members": [], "Aces": [{"RightName": "Owns", "IsInherited": false, "PrincipalSID": "ABSOLUTE.HTB-S-1-5-32-544", "PrincipalType": "Group"}, {"RightName": "GenericAll", "IsInherited": false, "PrincipalSID": "S-1-5-21-4078382237-1492182817-2568127209-512", "PrincipalType": "Group"}, {"RightName": "GenericAll", "IsInherited": false, "PrincipalSID": "ABSOLUTE.HTB-S-1-5-32-548", "PrincipalType": "Group"}, {"RightName": "GenericAll", "IsInherited": true, "PrincipalSID": "S-1-5-21-4078382237-1492182817-2568127209-519", "PrincipalType": "Group"}, {"RightName": "GenericWrite", "IsInherited": true, "PrincipalSID": "ABSOLUTE.HTB-S-1-5-32-544", "PrincipalType": "Group"}, {"RightName": "WriteOwner", "IsInherited": true, "PrincipalSID": "ABSOLUTE.HTB-S-1-5-32-544", "PrincipalType": "Group"}, {"RightName": "WriteDacl", "IsInherited": true, "PrincipalSID": "ABSOLUTE.HTB-S-1-5-32-544", "PrincipalType": "Group"}], "IsDeleted": false, "IsACLProtected": false},{"ObjectIdentifier": "ABSOLUTE.HTB-S-1-5-32-555", "Properties": {"domain": "ABSOLUTE.HTB", "domainsid": "S-1-5-21-4078382237-1492182817-2568127209", "highvalue": false, "name": "REMOTE DESKTOP USERS@ABSOLUTE.HTB", "distinguishedname": "CN=REMOTE DESKTOP USERS,CN=BUILTIN,DC=ABSOLUTE,DC=HTB", "admincount": false, "description": "Members in this group are granted the right to logon remotely", "whencreated": 1654762578}, "Members": [], "Aces": [{"RightName": "Owns", "IsInherited": false, "PrincipalSID": "ABSOLUTE.HTB-S-1-5-32-544", "PrincipalType": "Group"}, {"RightName": "GenericAll", "IsInherited": false, "PrincipalSID": "S-1-5-21-4078382237-1492182817-2568127209-512", "PrincipalType": "Group"}, {"RightName": "GenericAll", "IsInherited": false, "PrincipalSID": "ABSOLUTE.HTB-S-1-5-32-548", "PrincipalType": "Group"}, {"RightName": "GenericAll", "IsInherited": true, "PrincipalSID": "S-1-5-21-4078382237-1492182817-2568127209-519", "PrincipalType": "Group"}, {"RightName": "GenericWrite", "IsInherited": true, "PrincipalSID": "ABSOLUTE.HTB-S-1-5-32-544", "PrincipalType": "Group"}, {"RightName": "WriteOwner", "IsInherited": true, "PrincipalSID": "ABSOLUTE.HTB-S-1-5-32-544", "PrincipalType": "Group"}, {"RightName": "WriteDacl", "IsInherited": true, "PrincipalSID": "ABSOLUTE.HTB-S-1-5-32-544", "PrincipalType": "Group"}], "IsDeleted": false, "IsACLProtected": false},{"ObjectIdentifier": "ABSOLUTE.HTB-S-1-5-32-556", "Properties": {"domain": "ABSOLUTE.HTB", "domainsid": "S-1-5-21-4078382237-1492182817-2568127209", "highvalue": false, "name": "NETWORK CONFIGURATION OPERATORS@ABSOLUTE.HTB", "distinguishedname": "CN=NETWORK CONFIGURATION OPERATORS,CN=BUILTIN,DC=ABSOLUTE,DC=HTB", "admincount": false, "description": "Members in this group can have some administrative privileges to manage configuration of networking features", "whencreated": 1654762578}, "Members": [], "Aces": [{"RightName": "Owns", "IsInherited": false, "PrincipalSID": "ABSOLUTE.HTB-S-1-5-32-544", "PrincipalType": "Group"}, {"RightName": "GenericAll", "IsInherited": false, "PrincipalSID": "S-1-5-21-4078382237-1492182817-2568127209-512", "PrincipalType": "Group"}, {"RightName": "GenericAll", "IsInherited": false, "PrincipalSID": "ABSOLUTE.HTB-S-1-5-32-548", "PrincipalType": "Group"}, {"RightName": "GenericAll", "IsInherited": true, "PrincipalSID": "S-1-5-21-4078382237-1492182817-2568127209-519", "PrincipalType": "Group"}, {"RightName": "GenericWrite", "IsInherited": true, "PrincipalSID": "ABSOLUTE.HTB-S-1-5-32-544", "PrincipalType": "Group"}, {"RightName": "WriteOwner", "IsInherited": true, "PrincipalSID": "ABSOLUTE.HTB-S-1-5-32-544", "PrincipalType": "Group"}, {"RightName": "WriteDacl", "IsInherited": true, "PrincipalSID": "ABSOLUTE.HTB-S-1-5-32-544", "PrincipalType": "Group"}], "IsDeleted": false, "IsACLProtected": false},{"ObjectIdentifier": "ABSOLUTE.HTB-S-1-5-32-551", "Properties": {"domain": "ABSOLUTE.HTB", "domainsid": "S-1-5-21-4078382237-1492182817-2568127209", "highvalue": true, "name": "BACKUP OPERATORS@ABSOLUTE.HTB", "distinguishedname": "CN=BACKUP OPERATORS,CN=BUILTIN,DC=ABSOLUTE,DC=HTB", "admincount": true, "description": "Backup Operators can override security restrictions for the sole purpose of backing up or restoring files", "whencreated": 1654762578}, "Members": [], "Aces": [{"RightName": "Owns", "IsInherited": false, "PrincipalSID": "S-1-5-21-4078382237-1492182817-2568127209-512", "PrincipalType": "Group"}, {"RightName": "GenericWrite", "IsInherited": false, "PrincipalSID": "S-1-5-21-4078382237-1492182817-2568127209-512", "PrincipalType": "Group"}, {"RightName": "WriteOwner", "IsInherited": false, "PrincipalSID": "S-1-5-21-4078382237-1492182817-2568127209-512", "PrincipalType": "Group"}, {"RightName": "WriteDacl", "IsInherited": false, "PrincipalSID": "S-1-5-21-4078382237-1492182817-2568127209-512", "PrincipalType": "Group"}, {"RightName": "GenericWrite", "IsInherited": false, "PrincipalSID": "S-1-5-21-4078382237-1492182817-2568127209-519", "PrincipalType": "Group"}, {"RightName": "WriteOwner", "IsInherited": false, "PrincipalSID": "S-1-5-21-4078382237-1492182817-2568127209-519", "PrincipalType": "Group"}, {"RightName": "WriteDacl", "IsInherited": false, "PrincipalSID": "S-1-5-21-4078382237-1492182817-2568127209-519", "PrincipalType": "Group"}, {"RightName": "GenericWrite", "IsInherited": false, "PrincipalSID": "ABSOLUTE.HTB-S-1-5-32-544", "PrincipalType": "Group"}, {"RightName": "WriteOwner", "IsInherited": false, "PrincipalSID": "ABSOLUTE.HTB-S-1-5-32-544", "PrincipalType": "Group"}, {"RightName": "WriteDacl", "IsInherited": false, "PrincipalSID": "ABSOLUTE.HTB-S-1-5-32-544", "PrincipalType": "Group"}], "IsDeleted": false, "IsACLProtected": true},{"ObjectIdentifier": "ABSOLUTE.HTB-S-1-5-32-552", "Properties": {"domain": "ABSOLUTE.HTB", "domainsid": "S-1-5-21-4078382237-1492182817-2568127209", "highvalue": false, "name": "REPLICATOR@ABSOLUTE.HTB", "distinguishedname": "CN=REPLICATOR,CN=BUILTIN,DC=ABSOLUTE,DC=HTB", "admincount": true, "description": "Supports file replication in a domain", "whencreated": 1654762578}, "Members": [], "Aces": [{"RightName": "Owns", "IsInherited": false, "PrincipalSID": "S-1-5-21-4078382237-1492182817-2568127209-512", "PrincipalType": "Group"}, {"RightName": "GenericWrite", "IsInherited": false, "PrincipalSID": "S-1-5-21-4078382237-1492182817-2568127209-512", "PrincipalType": "Group"}, {"RightName": "WriteOwner", "IsInherited": false, "PrincipalSID": "S-1-5-21-4078382237-1492182817-2568127209-512", "PrincipalType": "Group"}, {"RightName": "WriteDacl", "IsInherited": false, "PrincipalSID": "S-1-5-21-4078382237-1492182817-2568127209-512", "PrincipalType": "Group"}, {"RightName": "GenericWrite", "IsInherited": false, "PrincipalSID": "S-1-5-21-4078382237-1492182817-2568127209-519", "PrincipalType": "Group"}, {"RightName": "WriteOwner", "IsInherited": false, "PrincipalSID": "S-1-5-21-4078382237-1492182817-2568127209-519", "PrincipalType": "Group"}, {"RightName": "WriteDacl", "IsInherited": false, "PrincipalSID": "S-1-5-21-4078382237-1492182817-2568127209-519", "PrincipalType": "Group"}, {"RightName": "GenericWrite", "IsInherited": false, "PrincipalSID": "ABSOLUTE.HTB-S-1-5-32-544", "PrincipalType": "Group"}, {"RightName": "WriteOwner", "IsInherited": false, "PrincipalSID": "ABSOLUTE.HTB-S-1-5-32-544", "PrincipalType": "Group"}, {"RightName": "WriteDacl", "IsInherited": false, "PrincipalSID": "ABSOLUTE.HTB-S-1-5-32-544", "PrincipalType": "Group"}], "IsDeleted": false, "IsACLProtected": true},{"ObjectIdentifier": "ABSOLUTE.HTB-S-1-5-32-550", "Properties": {"domain": "ABSOLUTE.HTB", "domainsid": "S-1-5-21-4078382237-1492182817-2568127209", "highvalue": true, "name": "PRINT OPERATORS@ABSOLUTE.HTB", "distinguishedname": "CN=PRINT OPERATORS,CN=BUILTIN,DC=ABSOLUTE,DC=HTB", "admincount": true, "description": "Members can administer printers installed on domain controllers", "whencreated": 1654762578}, "Members": [], "Aces": [{"RightName": "Owns", "IsInherited": false, "PrincipalSID": "S-1-5-21-4078382237-1492182817-2568127209-512", "PrincipalType": "Group"}, {"RightName": "GenericWrite", "IsInherited": false, "PrincipalSID": "S-1-5-21-4078382237-1492182817-2568127209-512", "PrincipalType": "Group"}, {"RightName": "WriteOwner", "IsInherited": false, "PrincipalSID": "S-1-5-21-4078382237-1492182817-2568127209-512", "PrincipalType": "Group"}, {"RightName": "WriteDacl", "IsInherited": false, "PrincipalSID": "S-1-5-21-4078382237-1492182817-2568127209-512", "PrincipalType": "Group"}, {"RightName": "GenericWrite", "IsInherited": false, "PrincipalSID": "S-1-5-21-4078382237-1492182817-2568127209-519", "PrincipalType": "Group"}, {"RightName": "WriteOwner", "IsInherited": false, "PrincipalSID": "S-1-5-21-4078382237-1492182817-2568127209-519", "PrincipalType": "Group"}, {"RightName": "WriteDacl", "IsInherited": false, "PrincipalSID": "S-1-5-21-4078382237-1492182817-2568127209-519", "PrincipalType": "Group"}, {"RightName": "GenericWrite", "IsInherited": false, "PrincipalSID": "ABSOLUTE.HTB-S-1-5-32-544", "PrincipalType": "Group"}, {"RightName": "WriteOwner", "IsInherited": false, "PrincipalSID": "ABSOLUTE.HTB-S-1-5-32-544", "PrincipalType": "Group"}, {"RightName": "WriteDacl", "IsInherited": false, "PrincipalSID": "ABSOLUTE.HTB-S-1-5-32-544", "PrincipalType": "Group"}], "IsDeleted": false, "IsACLProtected": true},{"ObjectIdentifier": "ABSOLUTE.HTB-S-1-5-32-546", "Properties": {"domain": "ABSOLUTE.HTB", "domainsid": "S-1-5-21-4078382237-1492182817-2568127209", "highvalue": false, "name": "GUESTS@ABSOLUTE.HTB", "distinguishedname": "CN=GUESTS,CN=BUILTIN,DC=ABSOLUTE,DC=HTB", "admincount": false, "description": "Guests have the same access as members of the Users group by default, except for the Guest account which is further restricted", "whencreated": 1654762578}, "Members": [{"ObjectIdentifier": "S-1-5-21-4078382237-1492182817-2568127209-514", "ObjectType": "Group"}, {"ObjectIdentifier": "S-1-5-21-4078382237-1492182817-2568127209-501", "ObjectType": "User"}], "Aces": [{"RightName": "Owns", "IsInherited": false, "PrincipalSID": "ABSOLUTE.HTB-S-1-5-32-544", "PrincipalType": "Group"}, {"RightName": "GenericAll", "IsInherited": false, "PrincipalSID": "S-1-5-21-4078382237-1492182817-2568127209-512", "PrincipalType": "Group"}, {"RightName": "GenericAll", "IsInherited": false, "PrincipalSID": "ABSOLUTE.HTB-S-1-5-32-548", "PrincipalType": "Group"}, {"RightName": "GenericAll", "IsInherited": true, "PrincipalSID": "S-1-5-21-4078382237-1492182817-2568127209-519", "PrincipalType": "Group"}, {"RightName": "GenericWrite", "IsInherited": true, "PrincipalSID": "ABSOLUTE.HTB-S-1-5-32-544", "PrincipalType": "Group"}, {"RightName": "WriteOwner", "IsInherited": true, "PrincipalSID": "ABSOLUTE.HTB-S-1-5-32-544", "PrincipalType": "Group"}, {"RightName": "WriteDacl", "IsInherited": true, "PrincipalSID": "ABSOLUTE.HTB-S-1-5-32-544", "PrincipalType": "Group"}], "IsDeleted": false, "IsACLProtected": false},{"ObjectIdentifier": "ABSOLUTE.HTB-S-1-5-32-544", "Properties": {"domain": "ABSOLUTE.HTB", "domainsid": "S-1-5-21-4078382237-1492182817-2568127209", "highvalue": true, "name": "ADMINISTRATORS@ABSOLUTE.HTB", "distinguishedname": "CN=ADMINISTRATORS,CN=BUILTIN,DC=ABSOLUTE,DC=HTB", "admincount": true, "description": "Administrators have complete and unrestricted access to the computer/domain", "whencreated": 1654762578}, "Members": [{"ObjectIdentifier": "S-1-5-21-4078382237-1492182817-2568127209-512", "ObjectType": "Group"}, {"ObjectIdentifier": "S-1-5-21-4078382237-1492182817-2568127209-519", "ObjectType": "Group"}, {"ObjectIdentifier": "S-1-5-21-4078382237-1492182817-2568127209-500", "ObjectType": "User"}], "Aces": [{"RightName": "Owns", "IsInherited": false, "PrincipalSID": "S-1-5-21-4078382237-1492182817-2568127209-512", "PrincipalType": "Group"}, {"RightName": "GenericWrite", "IsInherited": false, "PrincipalSID": "S-1-5-21-4078382237-1492182817-2568127209-512", "PrincipalType": "Group"}, {"RightName": "WriteOwner", "IsInherited": false, "PrincipalSID": "S-1-5-21-4078382237-1492182817-2568127209-512", "PrincipalType": "Group"}, {"RightName": "WriteDacl", "IsInherited": false, "PrincipalSID": "S-1-5-21-4078382237-1492182817-2568127209-512", "PrincipalType": "Group"}, {"RightName": "GenericWrite", "IsInherited": false, "PrincipalSID": "S-1-5-21-4078382237-1492182817-2568127209-519", "PrincipalType": "Group"}, {"RightName": "WriteOwner", "IsInherited": false, "PrincipalSID": "S-1-5-21-4078382237-1492182817-2568127209-519", "PrincipalType": "Group"}, {"RightName": "WriteDacl", "IsInherited": false, "PrincipalSID": "S-1-5-21-4078382237-1492182817-2568127209-519", "PrincipalType": "Group"}, {"RightName": "GenericWrite", "IsInherited": false, "PrincipalSID": "ABSOLUTE.HTB-S-1-5-32-544", "PrincipalType": "Group"}, {"RightName": "WriteOwner", "IsInherited": false, "PrincipalSID": "ABSOLUTE.HTB-S-1-5-32-544", "PrincipalType": "Group"}, {"RightName": "WriteDacl", "IsInherited": false, "PrincipalSID": "ABSOLUTE.HTB-S-1-5-32-544", "PrincipalType": "Group"}], "IsDeleted": false, "IsACLProtected": true},{"ObjectIdentifier": "ABSOLUTE.HTB-S-1-5-32-545", "Properties": {"domain": "ABSOLUTE.HTB", "domainsid": "S-1-5-21-4078382237-1492182817-2568127209", "highvalue": false, "name": "USERS@ABSOLUTE.HTB", "distinguishedname": "CN=USERS,CN=BUILTIN,DC=ABSOLUTE,DC=HTB", "admincount": false, "description": "Users are prevented from making accidental or intentional system-wide changes and can run most applications", "whencreated": 1654762578}, "Members": [{"ObjectIdentifier": "S-1-5-21-4078382237-1492182817-2568127209-513", "ObjectType": "Group"}, {"ObjectIdentifier": "ABSOLUTE.HTB-S-1-5-11", "ObjectType": "Group"}, {"ObjectIdentifier": "ABSOLUTE.HTB-S-1-5-4", "ObjectType": "Group"}], "Aces": [{"RightName": "Owns", "IsInherited": false, "PrincipalSID": "ABSOLUTE.HTB-S-1-5-32-544", "PrincipalType": "Group"}, {"RightName": "GenericAll", "IsInherited": false, "PrincipalSID": "S-1-5-21-4078382237-1492182817-2568127209-512", "PrincipalType": "Group"}, {"RightName": "GenericAll", "IsInherited": false, "PrincipalSID": "ABSOLUTE.HTB-S-1-5-32-548", "PrincipalType": "Group"}, {"RightName": "GenericAll", "IsInherited": true, "PrincipalSID": "S-1-5-21-4078382237-1492182817-2568127209-519", "PrincipalType": "Group"}, {"RightName": "GenericWrite", "IsInherited": true, "PrincipalSID": "ABSOLUTE.HTB-S-1-5-32-544", "PrincipalType": "Group"}, {"RightName": "WriteOwner", "IsInherited": true, "PrincipalSID": "ABSOLUTE.HTB-S-1-5-32-544", "PrincipalType": "Group"}, {"RightName": "WriteDacl", "IsInherited": true, "PrincipalSID": "ABSOLUTE.HTB-S-1-5-32-544", "PrincipalType": "Group"}], "IsDeleted": false, "IsACLProtected": false},{"IsDeleted": false, "IsACLProtected": false, "ObjectIdentifier": "ABSOLUTE.HTB-S-1-5-9", "Properties": {"domain": "ABSOLUTE.HTB", "name": "ENTERPRISE DOMAIN CONTROLLERS@ABSOLUTE.HTB"}, "Members": [{"ObjectIdentifier": "S-1-5-21-4078382237-1492182817-2568127209-1000", "ObjectType": "Computer"}], "Aces": []},{"IsDeleted": false, "IsACLProtected": false, "ObjectIdentifier": "ABSOLUTE.HTB-S-1-1-0", "Properties": {"domain": "ABSOLUTE.HTB", "domainsid": "S-1-5-21-4078382237-1492182817-2568127209", "name": "EVERYONE@ABSOLUTE.HTB"}, "Members": [], "Aces": []},{"IsDeleted": false, "IsACLProtected": false, "ObjectIdentifier": "ABSOLUTE.HTB-S-1-5-11", "Properties": {"domain": "ABSOLUTE.HTB", "domainsid": "S-1-5-21-4078382237-1492182817-2568127209", "name": "AUTHENTICATED USERS@ABSOLUTE.HTB"}, "Members": [], "Aces": []},{"IsDeleted": false, "IsACLProtected": false, "ObjectIdentifier": "ABSOLUTE.HTB-S-1-5-4", "Properties": {"domain": "ABSOLUTE.HTB", "domainsid": "S-1-5-21-4078382237-1492182817-2568127209", "name": "INTERACTIVE@ABSOLUTE.HTB"}, "Members": [], "Aces": []}],"meta":{"methods":0,"type":"groups","count":55, "version":5}}