﻿{"data":[{"Properties":{"domain":"BLACKFIELD.LOCAL","name":"PC01.BLACKFIELD.LOCAL","distinguishedname":"CN=PC01,CN=COMPUTERS,DC=BLACKFIELD,DC=LOCAL","domainsid":"S-1-5-21-4194615774-2175524697-3563712290","highvalue":false,"samaccountname":"PC01$","haslaps":false,"description":null,"whencreated":1582907018,"enabled":true,"unconstraineddelegation":false,"trustedtoauth":false,"lastlogon":0,"lastlogontimestamp":-1,"pwdlastset":1582935818,"serviceprincipalnames":[],"operatingsystem":null,"sidhistory":[]},"PrimaryGroupSID":"S-1-5-21-4194615774-2175524697-3563712290-515","AllowedToDelegate":[],"AllowedToAct":[],"HasSIDHistory":[],"Sessions":{"Results":[],"Collected":false,"FailureReason":null},"PrivilegedSessions":{"Results":[],"Collected":false,"FailureReason":null},"RegistrySessions":{"Results":[],"Collected":false,"FailureReason":null},"LocalAdmins":{"Results":[],"Collected":false,"FailureReason":null},"RemoteDesktopUsers":{"Results":[],"Collected":false,"FailureReason":null},"DcomUsers":{"Results":[],"Collected":false,"FailureReason":null},"PSRemoteUsers":{"Results":[],"Collected":false,"FailureReason":null},"Status":null,"Aces":[{"PrincipalSID":"S-1-5-21-4194615774-2175524697-3563712290-512","PrincipalType":"Group","RightName":"Owns","IsInherited":false},{"PrincipalSID":"BLACKFIELD.LOCAL-S-1-5-32-548","PrincipalType":"Group","RightName":"GenericAll","IsInherited":false},{"PrincipalSID":"S-1-5-21-4194615774-2175524697-3563712290-512","PrincipalType":"Group","RightName":"GenericAll","IsInherited":false},{"PrincipalSID":"S-1-5-21-4194615774-2175524697-3563712290-526","PrincipalType":"Group","RightName":"AddKeyCredentialLink","IsInherited":true},{"PrincipalSID":"S-1-5-21-4194615774-2175524697-3563712290-527","PrincipalType":"Group","RightName":"AddKeyCredentialLink","IsInherited":true},{"PrincipalSID":"S-1-5-21-4194615774-2175524697-3563712290-519","PrincipalType":"Group","RightName":"GenericAll","IsInherited":true},{"PrincipalSID":"BLACKFIELD.LOCAL-S-1-5-32-544","PrincipalType":"Group","RightName":"WriteDacl","IsInherited":true},{"PrincipalSID":"BLACKFIELD.LOCAL-S-1-5-32-544","PrincipalType":"Group","RightName":"WriteOwner","IsInherited":true},{"PrincipalSID":"BLACKFIELD.LOCAL-S-1-5-32-544","PrincipalType":"Group","RightName":"GenericWrite","IsInherited":true}],"ObjectIdentifier":"S-1-5-21-4194615774-2175524697-3563712290-1415","IsDeleted":false,"IsACLProtected":false},{"Properties":{"domain":"BLACKFIELD.LOCAL","name":"PC07.BLACKFIELD.LOCAL","distinguishedname":"CN=PC07,CN=COMPUTERS,DC=BLACKFIELD,DC=LOCAL","domainsid":"S-1-5-21-4194615774-2175524697-3563712290","highvalue":false,"samaccountname":"PC07$","haslaps":false,"description":null,"whencreated":1582907056,"enabled":true,"unconstraineddelegation":false,"trustedtoauth":false,"lastlogon":0,"lastlogontimestamp":-1,"pwdlastset":1582935856,"serviceprincipalnames":[],"operatingsystem":null,"sidhistory":[]},"PrimaryGroupSID":"S-1-5-21-4194615774-2175524697-3563712290-515","AllowedToDelegate":[],"AllowedToAct":[],"HasSIDHistory":[],"Sessions":{"Results":[],"Collected":false,"FailureReason":null},"PrivilegedSessions":{"Results":[],"Collected":false,"FailureReason":null},"RegistrySessions":{"Results":[],"Collected":false,"FailureReason":null},"LocalAdmins":{"Results":[],"Collected":false,"FailureReason":null},"RemoteDesktopUsers":{"Results":[],"Collected":false,"FailureReason":null},"DcomUsers":{"Results":[],"Collected":false,"FailureReason":null},"PSRemoteUsers":{"Results":[],"Collected":false,"FailureReason":null},"Status":null,"Aces":[{"PrincipalSID":"S-1-5-21-4194615774-2175524697-3563712290-512","PrincipalType":"Group","RightName":"Owns","IsInherited":false},{"PrincipalSID":"BLACKFIELD.LOCAL-S-1-5-32-548","PrincipalType":"Group","RightName":"GenericAll","IsInherited":false},{"PrincipalSID":"S-1-5-21-4194615774-2175524697-3563712290-512","PrincipalType":"Group","RightName":"GenericAll","IsInherited":false},{"PrincipalSID":"S-1-5-21-4194615774-2175524697-3563712290-526","PrincipalType":"Group","RightName":"AddKeyCredentialLink","IsInherited":true},{"PrincipalSID":"S-1-5-21-4194615774-2175524697-3563712290-527","PrincipalType":"Group","RightName":"AddKeyCredentialLink","IsInherited":true},{"PrincipalSID":"S-1-5-21-4194615774-2175524697-3563712290-519","PrincipalType":"Group","RightName":"GenericAll","IsInherited":true},{"PrincipalSID":"BLACKFIELD.LOCAL-S-1-5-32-544","PrincipalType":"Group","RightName":"WriteDacl","IsInherited":true},{"PrincipalSID":"BLACKFIELD.LOCAL-S-1-5-32-544","PrincipalType":"Group","RightName":"WriteOwner","IsInherited":true},{"PrincipalSID":"BLACKFIELD.LOCAL-S-1-5-32-544","PrincipalType":"Group","RightName":"GenericWrite","IsInherited":true}],"ObjectIdentifier":"S-1-5-21-4194615774-2175524697-3563712290-1421","IsDeleted":false,"IsACLProtected":false},{"Properties":{"domain":"BLACKFIELD.LOCAL","name":"PC08.BLACKFIELD.LOCAL","distinguishedname":"CN=PC08,CN=COMPUTERS,DC=BLACKFIELD,DC=LOCAL","domainsid":"S-1-5-21-4194615774-2175524697-3563712290","highvalue":false,"samaccountname":"PC08$","haslaps":false,"description":null,"whencreated":1582907065,"enabled":true,"unconstraineddelegation":false,"trustedtoauth":false,"lastlogon":0,"lastlogontimestamp":-1,"pwdlastset":1582935865,"serviceprincipalnames":[],"operatingsystem":null,"sidhistory":[]},"PrimaryGroupSID":"S-1-5-21-4194615774-2175524697-3563712290-515","AllowedToDelegate":[],"AllowedToAct":[],"HasSIDHistory":[],"Sessions":{"Results":[],"Collected":false,"FailureReason":null},"PrivilegedSessions":{"Results":[],"Collected":false,"FailureReason":null},"RegistrySessions":{"Results":[],"Collected":false,"FailureReason":null},"LocalAdmins":{"Results":[],"Collected":false,"FailureReason":null},"RemoteDesktopUsers":{"Results":[],"Collected":false,"FailureReason":null},"DcomUsers":{"Results":[],"Collected":false,"FailureReason":null},"PSRemoteUsers":{"Results":[],"Collected":false,"FailureReason":null},"Status":null,"Aces":[{"PrincipalSID":"S-1-5-21-4194615774-2175524697-3563712290-512","PrincipalType":"Group","RightName":"Owns","IsInherited":false},{"PrincipalSID":"BLACKFIELD.LOCAL-S-1-5-32-548","PrincipalType":"Group","RightName":"GenericAll","IsInherited":false},{"PrincipalSID":"S-1-5-21-4194615774-2175524697-3563712290-512","PrincipalType":"Group","RightName":"GenericAll","IsInherited":false},{"PrincipalSID":"S-1-5-21-4194615774-2175524697-3563712290-526","PrincipalType":"Group","RightName":"AddKeyCredentialLink","IsInherited":true},{"PrincipalSID":"S-1-5-21-4194615774-2175524697-3563712290-527","PrincipalType":"Group","RightName":"AddKeyCredentialLink","IsInherited":true},{"PrincipalSID":"S-1-5-21-4194615774-2175524697-3563712290-519","PrincipalType":"Group","RightName":"GenericAll","IsInherited":true},{"PrincipalSID":"BLACKFIELD.LOCAL-S-1-5-32-544","PrincipalType":"Group","RightName":"WriteDacl","IsInherited":true},{"PrincipalSID":"BLACKFIELD.LOCAL-S-1-5-32-544","PrincipalType":"Group","RightName":"WriteOwner","IsInherited":true},{"PrincipalSID":"BLACKFIELD.LOCAL-S-1-5-32-544","PrincipalType":"Group","RightName":"GenericWrite","IsInherited":true}],"ObjectIdentifier":"S-1-5-21-4194615774-2175524697-3563712290-1422","IsDeleted":false,"IsACLProtected":false},{"Properties":{"domain":"BLACKFIELD.LOCAL","name":"PC09.BLACKFIELD.LOCAL","distinguishedname":"CN=PC09,CN=COMPUTERS,DC=BLACKFIELD,DC=LOCAL","domainsid":"S-1-5-21-4194615774-2175524697-3563712290","highvalue":false,"samaccountname":"PC09$","haslaps":false,"description":null,"whencreated":1582907070,"enabled":true,"unconstraineddelegation":false,"trustedtoauth":false,"lastlogon":0,"lastlogontimestamp":-1,"pwdlastset":1582935870,"serviceprincipalnames":[],"operatingsystem":null,"sidhistory":[]},"PrimaryGroupSID":"S-1-5-21-4194615774-2175524697-3563712290-515","AllowedToDelegate":[],"AllowedToAct":[],"HasSIDHistory":[],"Sessions":{"Results":[],"Collected":false,"FailureReason":null},"PrivilegedSessions":{"Results":[],"Collected":false,"FailureReason":null},"RegistrySessions":{"Results":[],"Collected":false,"FailureReason":null},"LocalAdmins":{"Results":[],"Collected":false,"FailureReason":null},"RemoteDesktopUsers":{"Results":[],"Collected":false,"FailureReason":null},"DcomUsers":{"Results":[],"Collected":false,"FailureReason":null},"PSRemoteUsers":{"Results":[],"Collected":false,"FailureReason":null},"Status":null,"Aces":[{"PrincipalSID":"S-1-5-21-4194615774-2175524697-3563712290-512","PrincipalType":"Group","RightName":"Owns","IsInherited":false},{"PrincipalSID":"BLACKFIELD.LOCAL-S-1-5-32-548","PrincipalType":"Group","RightName":"GenericAll","IsInherited":false},{"PrincipalSID":"S-1-5-21-4194615774-2175524697-3563712290-512","PrincipalType":"Group","RightName":"GenericAll","IsInherited":false},{"PrincipalSID":"S-1-5-21-4194615774-2175524697-3563712290-526","PrincipalType":"Group","RightName":"AddKeyCredentialLink","IsInherited":true},{"PrincipalSID":"S-1-5-21-4194615774-2175524697-3563712290-527","PrincipalType":"Group","RightName":"AddKeyCredentialLink","IsInherited":true},{"PrincipalSID":"S-1-5-21-4194615774-2175524697-3563712290-519","PrincipalType":"Group","RightName":"GenericAll","IsInherited":true},{"PrincipalSID":"BLACKFIELD.LOCAL-S-1-5-32-544","PrincipalType":"Group","RightName":"WriteDacl","IsInherited":true},{"PrincipalSID":"BLACKFIELD.LOCAL-S-1-5-32-544","PrincipalType":"Group","RightName":"WriteOwner","IsInherited":true},{"PrincipalSID":"BLACKFIELD.LOCAL-S-1-5-32-544","PrincipalType":"Group","RightName":"GenericWrite","IsInherited":true}],"ObjectIdentifier":"S-1-5-21-4194615774-2175524697-3563712290-1423","IsDeleted":false,"IsACLProtected":false},{"Properties":{"domain":"BLACKFIELD.LOCAL","name":"PC10.BLACKFIELD.LOCAL","distinguishedname":"CN=PC10,CN=COMPUTERS,DC=BLACKFIELD,DC=LOCAL","domainsid":"S-1-5-21-4194615774-2175524697-3563712290","highvalue":false,"samaccountname":"PC10$","haslaps":false,"description":null,"whencreated":1582907076,"enabled":true,"unconstraineddelegation":false,"trustedtoauth":false,"lastlogon":0,"lastlogontimestamp":-1,"pwdlastset":1582935876,"serviceprincipalnames":[],"operatingsystem":null,"sidhistory":[]},"PrimaryGroupSID":"S-1-5-21-4194615774-2175524697-3563712290-515","AllowedToDelegate":[],"AllowedToAct":[],"HasSIDHistory":[],"Sessions":{"Results":[],"Collected":false,"FailureReason":null},"PrivilegedSessions":{"Results":[],"Collected":false,"FailureReason":null},"RegistrySessions":{"Results":[],"Collected":false,"FailureReason":null},"LocalAdmins":{"Results":[],"Collected":false,"FailureReason":null},"RemoteDesktopUsers":{"Results":[],"Collected":false,"FailureReason":null},"DcomUsers":{"Results":[],"Collected":false,"FailureReason":null},"PSRemoteUsers":{"Results":[],"Collected":false,"FailureReason":null},"Status":null,"Aces":[{"PrincipalSID":"S-1-5-21-4194615774-2175524697-3563712290-512","PrincipalType":"Group","RightName":"Owns","IsInherited":false},{"PrincipalSID":"BLACKFIELD.LOCAL-S-1-5-32-548","PrincipalType":"Group","RightName":"GenericAll","IsInherited":false},{"PrincipalSID":"S-1-5-21-4194615774-2175524697-3563712290-512","PrincipalType":"Group","RightName":"GenericAll","IsInherited":false},{"PrincipalSID":"S-1-5-21-4194615774-2175524697-3563712290-526","PrincipalType":"Group","RightName":"AddKeyCredentialLink","IsInherited":true},{"PrincipalSID":"S-1-5-21-4194615774-2175524697-3563712290-527","PrincipalType":"Group","RightName":"AddKeyCredentialLink","IsInherited":true},{"PrincipalSID":"S-1-5-21-4194615774-2175524697-3563712290-519","PrincipalType":"Group","RightName":"GenericAll","IsInherited":true},{"PrincipalSID":"BLACKFIELD.LOCAL-S-1-5-32-544","PrincipalType":"Group","RightName":"WriteDacl","IsInherited":true},{"PrincipalSID":"BLACKFIELD.LOCAL-S-1-5-32-544","PrincipalType":"Group","RightName":"WriteOwner","IsInherited":true},{"PrincipalSID":"BLACKFIELD.LOCAL-S-1-5-32-544","PrincipalType":"Group","RightName":"GenericWrite","IsInherited":true}],"ObjectIdentifier":"S-1-5-21-4194615774-2175524697-3563712290-1424","IsDeleted":false,"IsACLProtected":false},{"Properties":{"domain":"BLACKFIELD.LOCAL","name":"PC11.BLACKFIELD.LOCAL","distinguishedname":"CN=PC11,CN=COMPUTERS,DC=BLACKFIELD,DC=LOCAL","domainsid":"S-1-5-21-4194615774-2175524697-3563712290","highvalue":false,"samaccountname":"PC11$","haslaps":false,"description":null,"whencreated":1582907081,"enabled":true,"unconstraineddelegation":false,"trustedtoauth":false,"lastlogon":0,"lastlogontimestamp":-1,"pwdlastset":1582935881,"serviceprincipalnames":[],"operatingsystem":null,"sidhistory":[]},"PrimaryGroupSID":"S-1-5-21-4194615774-2175524697-3563712290-515","AllowedToDelegate":[],"AllowedToAct":[],"HasSIDHistory":[],"Sessions":{"Results":[],"Collected":false,"FailureReason":null},"PrivilegedSessions":{"Results":[],"Collected":false,"FailureReason":null},"RegistrySessions":{"Results":[],"Collected":false,"FailureReason":null},"LocalAdmins":{"Results":[],"Collected":false,"FailureReason":null},"RemoteDesktopUsers":{"Results":[],"Collected":false,"FailureReason":null},"DcomUsers":{"Results":[],"Collected":false,"FailureReason":null},"PSRemoteUsers":{"Results":[],"Collected":false,"FailureReason":null},"Status":null,"Aces":[{"PrincipalSID":"S-1-5-21-4194615774-2175524697-3563712290-512","PrincipalType":"Group","RightName":"Owns","IsInherited":false},{"PrincipalSID":"BLACKFIELD.LOCAL-S-1-5-32-548","PrincipalType":"Group","RightName":"GenericAll","IsInherited":false},{"PrincipalSID":"S-1-5-21-4194615774-2175524697-3563712290-512","PrincipalType":"Group","RightName":"GenericAll","IsInherited":false},{"PrincipalSID":"S-1-5-21-4194615774-2175524697-3563712290-526","PrincipalType":"Group","RightName":"AddKeyCredentialLink","IsInherited":true},{"PrincipalSID":"S-1-5-21-4194615774-2175524697-3563712290-527","PrincipalType":"Group","RightName":"AddKeyCredentialLink","IsInherited":true},{"PrincipalSID":"S-1-5-21-4194615774-2175524697-3563712290-519","PrincipalType":"Group","RightName":"GenericAll","IsInherited":true},{"PrincipalSID":"BLACKFIELD.LOCAL-S-1-5-32-544","PrincipalType":"Group","RightName":"WriteDacl","IsInherited":true},{"PrincipalSID":"BLACKFIELD.LOCAL-S-1-5-32-544","PrincipalType":"Group","RightName":"WriteOwner","IsInherited":true},{"PrincipalSID":"BLACKFIELD.LOCAL-S-1-5-32-544","PrincipalType":"Group","RightName":"GenericWrite","IsInherited":true}],"ObjectIdentifier":"S-1-5-21-4194615774-2175524697-3563712290-1425","IsDeleted":false,"IsACLProtected":false},{"Properties":{"domain":"BLACKFIELD.LOCAL","name":"PC13.BLACKFIELD.LOCAL","distinguishedname":"CN=PC13,CN=COMPUTERS,DC=BLACKFIELD,DC=LOCAL","domainsid":"S-1-5-21-4194615774-2175524697-3563712290","highvalue":false,"samaccountname":"PC13$","haslaps":false,"description":null,"whencreated":1582907092,"enabled":true,"unconstraineddelegation":false,"trustedtoauth":false,"lastlogon":0,"lastlogontimestamp":-1,"pwdlastset":1582935892,"serviceprincipalnames":[],"operatingsystem":null,"sidhistory":[]},"PrimaryGroupSID":"S-1-5-21-4194615774-2175524697-3563712290-515","AllowedToDelegate":[],"AllowedToAct":[],"HasSIDHistory":[],"Sessions":{"Results":[],"Collected":false,"FailureReason":null},"PrivilegedSessions":{"Results":[],"Collected":false,"FailureReason":null},"RegistrySessions":{"Results":[],"Collected":false,"FailureReason":null},"LocalAdmins":{"Results":[],"Collected":false,"FailureReason":null},"RemoteDesktopUsers":{"Results":[],"Collected":false,"FailureReason":null},"DcomUsers":{"Results":[],"Collected":false,"FailureReason":null},"PSRemoteUsers":{"Results":[],"Collected":false,"FailureReason":null},"Status":null,"Aces":[{"PrincipalSID":"S-1-5-21-4194615774-2175524697-3563712290-512","PrincipalType":"Group","RightName":"Owns","IsInherited":false},{"PrincipalSID":"BLACKFIELD.LOCAL-S-1-5-32-548","PrincipalType":"Group","RightName":"GenericAll","IsInherited":false},{"PrincipalSID":"S-1-5-21-4194615774-2175524697-3563712290-512","PrincipalType":"Group","RightName":"GenericAll","IsInherited":false},{"PrincipalSID":"S-1-5-21-4194615774-2175524697-3563712290-526","PrincipalType":"Group","RightName":"AddKeyCredentialLink","IsInherited":true},{"PrincipalSID":"S-1-5-21-4194615774-2175524697-3563712290-527","PrincipalType":"Group","RightName":"AddKeyCredentialLink","IsInherited":true},{"PrincipalSID":"S-1-5-21-4194615774-2175524697-3563712290-519","PrincipalType":"Group","RightName":"GenericAll","IsInherited":true},{"PrincipalSID":"BLACKFIELD.LOCAL-S-1-5-32-544","PrincipalType":"Group","RightName":"WriteDacl","IsInherited":true},{"PrincipalSID":"BLACKFIELD.LOCAL-S-1-5-32-544","PrincipalType":"Group","RightName":"WriteOwner","IsInherited":true},{"PrincipalSID":"BLACKFIELD.LOCAL-S-1-5-32-544","PrincipalType":"Group","RightName":"GenericWrite","IsInherited":true}],"ObjectIdentifier":"S-1-5-21-4194615774-2175524697-3563712290-1427","IsDeleted":false,"IsACLProtected":false},{"Properties":{"domain":"BLACKFIELD.LOCAL","name":"SRV-WEB.BLACKFIELD.LOCAL","distinguishedname":"CN=SRV-WEB,CN=COMPUTERS,DC=BLACKFIELD,DC=LOCAL","domainsid":"S-1-5-21-4194615774-2175524697-3563712290","highvalue":false,"samaccountname":"SRV-WEB$","haslaps":false,"description":null,"whencreated":1582907102,"enabled":true,"unconstraineddelegation":false,"trustedtoauth":false,"lastlogon":0,"lastlogontimestamp":-1,"pwdlastset":1582935902,"serviceprincipalnames":[],"operatingsystem":null,"sidhistory":[]},"PrimaryGroupSID":"S-1-5-21-4194615774-2175524697-3563712290-515","AllowedToDelegate":[],"AllowedToAct":[],"HasSIDHistory":[],"Sessions":{"Results":[],"Collected":false,"FailureReason":null},"PrivilegedSessions":{"Results":[],"Collected":false,"FailureReason":null},"RegistrySessions":{"Results":[],"Collected":false,"FailureReason":null},"LocalAdmins":{"Results":[],"Collected":false,"FailureReason":null},"RemoteDesktopUsers":{"Results":[],"Collected":false,"FailureReason":null},"DcomUsers":{"Results":[],"Collected":false,"FailureReason":null},"PSRemoteUsers":{"Results":[],"Collected":false,"FailureReason":null},"Status":null,"Aces":[{"PrincipalSID":"S-1-5-21-4194615774-2175524697-3563712290-512","PrincipalType":"Group","RightName":"Owns","IsInherited":false},{"PrincipalSID":"BLACKFIELD.LOCAL-S-1-5-32-548","PrincipalType":"Group","RightName":"GenericAll","IsInherited":false},{"PrincipalSID":"S-1-5-21-4194615774-2175524697-3563712290-512","PrincipalType":"Group","RightName":"GenericAll","IsInherited":false},{"PrincipalSID":"S-1-5-21-4194615774-2175524697-3563712290-526","PrincipalType":"Group","RightName":"AddKeyCredentialLink","IsInherited":true},{"PrincipalSID":"S-1-5-21-4194615774-2175524697-3563712290-527","PrincipalType":"Group","RightName":"AddKeyCredentialLink","IsInherited":true},{"PrincipalSID":"S-1-5-21-4194615774-2175524697-3563712290-519","PrincipalType":"Group","RightName":"GenericAll","IsInherited":true},{"PrincipalSID":"BLACKFIELD.LOCAL-S-1-5-32-544","PrincipalType":"Group","RightName":"WriteDacl","IsInherited":true},{"PrincipalSID":"BLACKFIELD.LOCAL-S-1-5-32-544","PrincipalType":"Group","RightName":"WriteOwner","IsInherited":true},{"PrincipalSID":"BLACKFIELD.LOCAL-S-1-5-32-544","PrincipalType":"Group","RightName":"GenericWrite","IsInherited":true}],"ObjectIdentifier":"S-1-5-21-4194615774-2175524697-3563712290-1428","IsDeleted":false,"IsACLProtected":false},{"Properties":{"domain":"BLACKFIELD.LOCAL","name":"SRV-FILE.BLACKFIELD.LOCAL","distinguishedname":"CN=SRV-FILE,CN=COMPUTERS,DC=BLACKFIELD,DC=LOCAL","domainsid":"S-1-5-21-4194615774-2175524697-3563712290","highvalue":false,"samaccountname":"SRV-FILE$","haslaps":false,"description":null,"whencreated":1582907110,"enabled":true,"unconstraineddelegation":false,"trustedtoauth":false,"lastlogon":0,"lastlogontimestamp":-1,"pwdlastset":1582935910,"serviceprincipalnames":[],"operatingsystem":null,"sidhistory":[]},"PrimaryGroupSID":"S-1-5-21-4194615774-2175524697-3563712290-515","AllowedToDelegate":[],"AllowedToAct":[],"HasSIDHistory":[],"Sessions":{"Results":[],"Collected":false,"FailureReason":null},"PrivilegedSessions":{"Results":[],"Collected":false,"FailureReason":null},"RegistrySessions":{"Results":[],"Collected":false,"FailureReason":null},"LocalAdmins":{"Results":[],"Collected":false,"FailureReason":null},"RemoteDesktopUsers":{"Results":[],"Collected":false,"FailureReason":null},"DcomUsers":{"Results":[],"Collected":false,"FailureReason":null},"PSRemoteUsers":{"Results":[],"Collected":false,"FailureReason":null},"Status":null,"Aces":[{"PrincipalSID":"S-1-5-21-4194615774-2175524697-3563712290-512","PrincipalType":"Group","RightName":"Owns","IsInherited":false},{"PrincipalSID":"BLACKFIELD.LOCAL-S-1-5-32-548","PrincipalType":"Group","RightName":"GenericAll","IsInherited":false},{"PrincipalSID":"S-1-5-21-4194615774-2175524697-3563712290-512","PrincipalType":"Group","RightName":"GenericAll","IsInherited":false},{"PrincipalSID":"S-1-5-21-4194615774-2175524697-3563712290-526","PrincipalType":"Group","RightName":"AddKeyCredentialLink","IsInherited":true},{"PrincipalSID":"S-1-5-21-4194615774-2175524697-3563712290-527","PrincipalType":"Group","RightName":"AddKeyCredentialLink","IsInherited":true},{"PrincipalSID":"S-1-5-21-4194615774-2175524697-3563712290-519","PrincipalType":"Group","RightName":"GenericAll","IsInherited":true},{"PrincipalSID":"BLACKFIELD.LOCAL-S-1-5-32-544","PrincipalType":"Group","RightName":"WriteDacl","IsInherited":true},{"PrincipalSID":"BLACKFIELD.LOCAL-S-1-5-32-544","PrincipalType":"Group","RightName":"WriteOwner","IsInherited":true},{"PrincipalSID":"BLACKFIELD.LOCAL-S-1-5-32-544","PrincipalType":"Group","RightName":"GenericWrite","IsInherited":true}],"ObjectIdentifier":"S-1-5-21-4194615774-2175524697-3563712290-1429","IsDeleted":false,"IsACLProtected":false},{"Properties":{"domain":"BLACKFIELD.LOCAL","name":"SRV-EXCHANGE.BLACKFIELD.LOCAL","distinguishedname":"CN=SRV-EXCHANGE,CN=COMPUTERS,DC=BLACKFIELD,DC=LOCAL","domainsid":"S-1-5-21-4194615774-2175524697-3563712290","highvalue":false,"samaccountname":"SRV-EXCHANGE$","haslaps":false,"description":null,"whencreated":1582907120,"enabled":true,"unconstraineddelegation":false,"trustedtoauth":false,"lastlogon":0,"lastlogontimestamp":-1,"pwdlastset":1582935920,"serviceprincipalnames":[],"operatingsystem":null,"sidhistory":[]},"PrimaryGroupSID":"S-1-5-21-4194615774-2175524697-3563712290-515","AllowedToDelegate":[],"AllowedToAct":[],"HasSIDHistory":[],"Sessions":{"Results":[],"Collected":false,"FailureReason":null},"PrivilegedSessions":{"Results":[],"Collected":false,"FailureReason":null},"RegistrySessions":{"Results":[],"Collected":false,"FailureReason":null},"LocalAdmins":{"Results":[],"Collected":false,"FailureReason":null},"RemoteDesktopUsers":{"Results":[],"Collected":false,"FailureReason":null},"DcomUsers":{"Results":[],"Collected":false,"FailureReason":null},"PSRemoteUsers":{"Results":[],"Collected":false,"FailureReason":null},"Status":null,"Aces":[{"PrincipalSID":"S-1-5-21-4194615774-2175524697-3563712290-512","PrincipalType":"Group","RightName":"Owns","IsInherited":false},{"PrincipalSID":"BLACKFIELD.LOCAL-S-1-5-32-548","PrincipalType":"Group","RightName":"GenericAll","IsInherited":false},{"PrincipalSID":"S-1-5-21-4194615774-2175524697-3563712290-512","PrincipalType":"Group","RightName":"GenericAll","IsInherited":false},{"PrincipalSID":"S-1-5-21-4194615774-2175524697-3563712290-526","PrincipalType":"Group","RightName":"AddKeyCredentialLink","IsInherited":true},{"PrincipalSID":"S-1-5-21-4194615774-2175524697-3563712290-527","PrincipalType":"Group","RightName":"AddKeyCredentialLink","IsInherited":true},{"PrincipalSID":"S-1-5-21-4194615774-2175524697-3563712290-519","PrincipalType":"Group","RightName":"GenericAll","IsInherited":true},{"PrincipalSID":"BLACKFIELD.LOCAL-S-1-5-32-544","PrincipalType":"Group","RightName":"WriteDacl","IsInherited":true},{"PrincipalSID":"BLACKFIELD.LOCAL-S-1-5-32-544","PrincipalType":"Group","RightName":"WriteOwner","IsInherited":true},{"PrincipalSID":"BLACKFIELD.LOCAL-S-1-5-32-544","PrincipalType":"Group","RightName":"GenericWrite","IsInherited":true}],"ObjectIdentifier":"S-1-5-21-4194615774-2175524697-3563712290-1430","IsDeleted":false,"IsACLProtected":false},{"Properties":{"domain":"BLACKFIELD.LOCAL","name":"SRV-INTRANET.BLACKFIELD.LOCAL","distinguishedname":"CN=SRV-INTRANET,CN=COMPUTERS,DC=BLACKFIELD,DC=LOCAL","domainsid":"S-1-5-21-4194615774-2175524697-3563712290","highvalue":false,"samaccountname":"SRV-INTRANET$","haslaps":false,"description":null,"whencreated":1582907133,"enabled":true,"unconstraineddelegation":false,"trustedtoauth":false,"lastlogon":0,"lastlogontimestamp":-1,"pwdlastset":1582935933,"serviceprincipalnames":[],"operatingsystem":null,"sidhistory":[]},"PrimaryGroupSID":"S-1-5-21-4194615774-2175524697-3563712290-515","AllowedToDelegate":[],"AllowedToAct":[],"HasSIDHistory":[],"Sessions":{"Results":[],"Collected":false,"FailureReason":null},"PrivilegedSessions":{"Results":[],"Collected":false,"FailureReason":null},"RegistrySessions":{"Results":[],"Collected":false,"FailureReason":null},"LocalAdmins":{"Results":[],"Collected":false,"FailureReason":null},"RemoteDesktopUsers":{"Results":[],"Collected":false,"FailureReason":null},"DcomUsers":{"Results":[],"Collected":false,"FailureReason":null},"PSRemoteUsers":{"Results":[],"Collected":false,"FailureReason":null},"Status":null,"Aces":[{"PrincipalSID":"S-1-5-21-4194615774-2175524697-3563712290-512","PrincipalType":"Group","RightName":"Owns","IsInherited":false},{"PrincipalSID":"BLACKFIELD.LOCAL-S-1-5-32-548","PrincipalType":"Group","RightName":"GenericAll","IsInherited":false},{"PrincipalSID":"S-1-5-21-4194615774-2175524697-3563712290-512","PrincipalType":"Group","RightName":"GenericAll","IsInherited":false},{"PrincipalSID":"S-1-5-21-4194615774-2175524697-3563712290-526","PrincipalType":"Group","RightName":"AddKeyCredentialLink","IsInherited":true},{"PrincipalSID":"S-1-5-21-4194615774-2175524697-3563712290-527","PrincipalType":"Group","RightName":"AddKeyCredentialLink","IsInherited":true},{"PrincipalSID":"S-1-5-21-4194615774-2175524697-3563712290-519","PrincipalType":"Group","RightName":"GenericAll","IsInherited":true},{"PrincipalSID":"BLACKFIELD.LOCAL-S-1-5-32-544","PrincipalType":"Group","RightName":"WriteDacl","IsInherited":true},{"PrincipalSID":"BLACKFIELD.LOCAL-S-1-5-32-544","PrincipalType":"Group","RightName":"WriteOwner","IsInherited":true},{"PrincipalSID":"BLACKFIELD.LOCAL-S-1-5-32-544","PrincipalType":"Group","RightName":"GenericWrite","IsInherited":true}],"ObjectIdentifier":"S-1-5-21-4194615774-2175524697-3563712290-1431","IsDeleted":false,"IsACLProtected":false},{"Properties":{"domain":"BLACKFIELD.LOCAL","name":"PC12.BLACKFIELD.LOCAL","distinguishedname":"CN=PC12,CN=COMPUTERS,DC=BLACKFIELD,DC=LOCAL","domainsid":"S-1-5-21-4194615774-2175524697-3563712290","highvalue":false,"samaccountname":"PC12$","haslaps":false,"description":null,"whencreated":1582907086,"enabled":true,"unconstraineddelegation":false,"trustedtoauth":false,"lastlogon":0,"lastlogontimestamp":-1,"pwdlastset":1582935886,"serviceprincipalnames":[],"operatingsystem":null,"sidhistory":[]},"PrimaryGroupSID":"S-1-5-21-4194615774-2175524697-3563712290-515","AllowedToDelegate":[],"AllowedToAct":[],"HasSIDHistory":[],"Sessions":{"Results":[],"Collected":false,"FailureReason":null},"PrivilegedSessions":{"Results":[],"Collected":false,"FailureReason":null},"RegistrySessions":{"Results":[],"Collected":false,"FailureReason":null},"LocalAdmins":{"Results":[],"Collected":false,"FailureReason":null},"RemoteDesktopUsers":{"Results":[],"Collected":false,"FailureReason":null},"DcomUsers":{"Results":[],"Collected":false,"FailureReason":null},"PSRemoteUsers":{"Results":[],"Collected":false,"FailureReason":null},"Status":null,"Aces":[{"PrincipalSID":"S-1-5-21-4194615774-2175524697-3563712290-512","PrincipalType":"Group","RightName":"Owns","IsInherited":false},{"PrincipalSID":"BLACKFIELD.LOCAL-S-1-5-32-548","PrincipalType":"Group","RightName":"GenericAll","IsInherited":false},{"PrincipalSID":"S-1-5-21-4194615774-2175524697-3563712290-512","PrincipalType":"Group","RightName":"GenericAll","IsInherited":false},{"PrincipalSID":"S-1-5-21-4194615774-2175524697-3563712290-526","PrincipalType":"Group","RightName":"AddKeyCredentialLink","IsInherited":true},{"PrincipalSID":"S-1-5-21-4194615774-2175524697-3563712290-527","PrincipalType":"Group","RightName":"AddKeyCredentialLink","IsInherited":true},{"PrincipalSID":"S-1-5-21-4194615774-2175524697-3563712290-519","PrincipalType":"Group","RightName":"GenericAll","IsInherited":true},{"PrincipalSID":"BLACKFIELD.LOCAL-S-1-5-32-544","PrincipalType":"Group","RightName":"WriteDacl","IsInherited":true},{"PrincipalSID":"BLACKFIELD.LOCAL-S-1-5-32-544","PrincipalType":"Group","RightName":"WriteOwner","IsInherited":true},{"PrincipalSID":"BLACKFIELD.LOCAL-S-1-5-32-544","PrincipalType":"Group","RightName":"GenericWrite","IsInherited":true}],"ObjectIdentifier":"S-1-5-21-4194615774-2175524697-3563712290-1426","IsDeleted":false,"IsACLProtected":false},{"Properties":{"domain":"BLACKFIELD.LOCAL","name":"PC06.BLACKFIELD.LOCAL","distinguishedname":"CN=PC06,CN=COMPUTERS,DC=BLACKFIELD,DC=LOCAL","domainsid":"S-1-5-21-4194615774-2175524697-3563712290","highvalue":false,"samaccountname":"PC06$","haslaps":false,"description":null,"whencreated":1582907051,"enabled":true,"unconstraineddelegation":false,"trustedtoauth":false,"lastlogon":0,"lastlogontimestamp":-1,"pwdlastset":1582935851,"serviceprincipalnames":[],"operatingsystem":null,"sidhistory":[]},"PrimaryGroupSID":"S-1-5-21-4194615774-2175524697-3563712290-515","AllowedToDelegate":[],"AllowedToAct":[],"HasSIDHistory":[],"Sessions":{"Results":[],"Collected":false,"FailureReason":null},"PrivilegedSessions":{"Results":[],"Collected":false,"FailureReason":null},"RegistrySessions":{"Results":[],"Collected":false,"FailureReason":null},"LocalAdmins":{"Results":[],"Collected":false,"FailureReason":null},"RemoteDesktopUsers":{"Results":[],"Collected":false,"FailureReason":null},"DcomUsers":{"Results":[],"Collected":false,"FailureReason":null},"PSRemoteUsers":{"Results":[],"Collected":false,"FailureReason":null},"Status":null,"Aces":[{"PrincipalSID":"S-1-5-21-4194615774-2175524697-3563712290-512","PrincipalType":"Group","RightName":"Owns","IsInherited":false},{"PrincipalSID":"BLACKFIELD.LOCAL-S-1-5-32-548","PrincipalType":"Group","RightName":"GenericAll","IsInherited":false},{"PrincipalSID":"S-1-5-21-4194615774-2175524697-3563712290-512","PrincipalType":"Group","RightName":"GenericAll","IsInherited":false},{"PrincipalSID":"S-1-5-21-4194615774-2175524697-3563712290-526","PrincipalType":"Group","RightName":"AddKeyCredentialLink","IsInherited":true},{"PrincipalSID":"S-1-5-21-4194615774-2175524697-3563712290-527","PrincipalType":"Group","RightName":"AddKeyCredentialLink","IsInherited":true},{"PrincipalSID":"S-1-5-21-4194615774-2175524697-3563712290-519","PrincipalType":"Group","RightName":"GenericAll","IsInherited":true},{"PrincipalSID":"BLACKFIELD.LOCAL-S-1-5-32-544","PrincipalType":"Group","RightName":"WriteDacl","IsInherited":true},{"PrincipalSID":"BLACKFIELD.LOCAL-S-1-5-32-544","PrincipalType":"Group","RightName":"WriteOwner","IsInherited":true},{"PrincipalSID":"BLACKFIELD.LOCAL-S-1-5-32-544","PrincipalType":"Group","RightName":"GenericWrite","IsInherited":true}],"ObjectIdentifier":"S-1-5-21-4194615774-2175524697-3563712290-1420","IsDeleted":false,"IsACLProtected":false},{"Properties":{"domain":"BLACKFIELD.LOCAL","name":"PC05.BLACKFIELD.LOCAL","distinguishedname":"CN=PC05,CN=COMPUTERS,DC=BLACKFIELD,DC=LOCAL","domainsid":"S-1-5-21-4194615774-2175524697-3563712290","highvalue":false,"samaccountname":"PC05$","haslaps":false,"description":null,"whencreated":1582907045,"enabled":true,"unconstraineddelegation":false,"trustedtoauth":false,"lastlogon":0,"lastlogontimestamp":-1,"pwdlastset":1582935845,"serviceprincipalnames":[],"operatingsystem":null,"sidhistory":[]},"PrimaryGroupSID":"S-1-5-21-4194615774-2175524697-3563712290-515","AllowedToDelegate":[],"AllowedToAct":[],"HasSIDHistory":[],"Sessions":{"Results":[],"Collected":false,"FailureReason":null},"PrivilegedSessions":{"Results":[],"Collected":false,"FailureReason":null},"RegistrySessions":{"Results":[],"Collected":false,"FailureReason":null},"LocalAdmins":{"Results":[],"Collected":false,"FailureReason":null},"RemoteDesktopUsers":{"Results":[],"Collected":false,"FailureReason":null},"DcomUsers":{"Results":[],"Collected":false,"FailureReason":null},"PSRemoteUsers":{"Results":[],"Collected":false,"FailureReason":null},"Status":null,"Aces":[{"PrincipalSID":"S-1-5-21-4194615774-2175524697-3563712290-512","PrincipalType":"Group","RightName":"Owns","IsInherited":false},{"PrincipalSID":"BLACKFIELD.LOCAL-S-1-5-32-548","PrincipalType":"Group","RightName":"GenericAll","IsInherited":false},{"PrincipalSID":"S-1-5-21-4194615774-2175524697-3563712290-512","PrincipalType":"Group","RightName":"GenericAll","IsInherited":false},{"PrincipalSID":"S-1-5-21-4194615774-2175524697-3563712290-526","PrincipalType":"Group","RightName":"AddKeyCredentialLink","IsInherited":true},{"PrincipalSID":"S-1-5-21-4194615774-2175524697-3563712290-527","PrincipalType":"Group","RightName":"AddKeyCredentialLink","IsInherited":true},{"PrincipalSID":"S-1-5-21-4194615774-2175524697-3563712290-519","PrincipalType":"Group","RightName":"GenericAll","IsInherited":true},{"PrincipalSID":"BLACKFIELD.LOCAL-S-1-5-32-544","PrincipalType":"Group","RightName":"WriteDacl","IsInherited":true},{"PrincipalSID":"BLACKFIELD.LOCAL-S-1-5-32-544","PrincipalType":"Group","RightName":"WriteOwner","IsInherited":true},{"PrincipalSID":"BLACKFIELD.LOCAL-S-1-5-32-544","PrincipalType":"Group","RightName":"GenericWrite","IsInherited":true}],"ObjectIdentifier":"S-1-5-21-4194615774-2175524697-3563712290-1419","IsDeleted":false,"IsACLProtected":false},{"Properties":{"domain":"BLACKFIELD.LOCAL","name":"PC04.BLACKFIELD.LOCAL","distinguishedname":"CN=PC04,CN=COMPUTERS,DC=BLACKFIELD,DC=LOCAL","domainsid":"S-1-5-21-4194615774-2175524697-3563712290","highvalue":false,"samaccountname":"PC04$","haslaps":false,"description":null,"whencreated":1582907038,"enabled":true,"unconstraineddelegation":false,"trustedtoauth":false,"lastlogon":0,"lastlogontimestamp":-1,"pwdlastset":1582935838,"serviceprincipalnames":[],"operatingsystem":null,"sidhistory":[]},"PrimaryGroupSID":"S-1-5-21-4194615774-2175524697-3563712290-515","AllowedToDelegate":[],"AllowedToAct":[],"HasSIDHistory":[],"Sessions":{"Results":[],"Collected":false,"FailureReason":null},"PrivilegedSessions":{"Results":[],"Collected":false,"FailureReason":null},"RegistrySessions":{"Results":[],"Collected":false,"FailureReason":null},"LocalAdmins":{"Results":[],"Collected":false,"FailureReason":null},"RemoteDesktopUsers":{"Results":[],"Collected":false,"FailureReason":null},"DcomUsers":{"Results":[],"Collected":false,"FailureReason":null},"PSRemoteUsers":{"Results":[],"Collected":false,"FailureReason":null},"Status":null,"Aces":[{"PrincipalSID":"S-1-5-21-4194615774-2175524697-3563712290-512","PrincipalType":"Group","RightName":"Owns","IsInherited":false},{"PrincipalSID":"BLACKFIELD.LOCAL-S-1-5-32-548","PrincipalType":"Group","RightName":"GenericAll","IsInherited":false},{"PrincipalSID":"S-1-5-21-4194615774-2175524697-3563712290-512","PrincipalType":"Group","RightName":"GenericAll","IsInherited":false},{"PrincipalSID":"S-1-5-21-4194615774-2175524697-3563712290-526","PrincipalType":"Group","RightName":"AddKeyCredentialLink","IsInherited":true},{"PrincipalSID":"S-1-5-21-4194615774-2175524697-3563712290-527","PrincipalType":"Group","RightName":"AddKeyCredentialLink","IsInherited":true},{"PrincipalSID":"S-1-5-21-4194615774-2175524697-3563712290-519","PrincipalType":"Group","RightName":"GenericAll","IsInherited":true},{"PrincipalSID":"BLACKFIELD.LOCAL-S-1-5-32-544","PrincipalType":"Group","RightName":"WriteDacl","IsInherited":true},{"PrincipalSID":"BLACKFIELD.LOCAL-S-1-5-32-544","PrincipalType":"Group","RightName":"WriteOwner","IsInherited":true},{"PrincipalSID":"BLACKFIELD.LOCAL-S-1-5-32-544","PrincipalType":"Group","RightName":"GenericWrite","IsInherited":true}],"ObjectIdentifier":"S-1-5-21-4194615774-2175524697-3563712290-1418","IsDeleted":false,"IsACLProtected":false},{"Properties":{"domain":"BLACKFIELD.LOCAL","name":"PC03.BLACKFIELD.LOCAL","distinguishedname":"CN=PC03,CN=COMPUTERS,DC=BLACKFIELD,DC=LOCAL","domainsid":"S-1-5-21-4194615774-2175524697-3563712290","highvalue":false,"samaccountname":"PC03$","haslaps":false,"description":null,"whencreated":1582907032,"enabled":true,"unconstraineddelegation":false,"trustedtoauth":false,"lastlogon":0,"lastlogontimestamp":-1,"pwdlastset":1582935832,"serviceprincipalnames":[],"operatingsystem":null,"sidhistory":[]},"PrimaryGroupSID":"S-1-5-21-4194615774-2175524697-3563712290-515","AllowedToDelegate":[],"AllowedToAct":[],"HasSIDHistory":[],"Sessions":{"Results":[],"Collected":false,"FailureReason":null},"PrivilegedSessions":{"Results":[],"Collected":false,"FailureReason":null},"RegistrySessions":{"Results":[],"Collected":false,"FailureReason":null},"LocalAdmins":{"Results":[],"Collected":false,"FailureReason":null},"RemoteDesktopUsers":{"Results":[],"Collected":false,"FailureReason":null},"DcomUsers":{"Results":[],"Collected":false,"FailureReason":null},"PSRemoteUsers":{"Results":[],"Collected":false,"FailureReason":null},"Status":null,"Aces":[{"PrincipalSID":"S-1-5-21-4194615774-2175524697-3563712290-512","PrincipalType":"Group","RightName":"Owns","IsInherited":false},{"PrincipalSID":"BLACKFIELD.LOCAL-S-1-5-32-548","PrincipalType":"Group","RightName":"GenericAll","IsInherited":false},{"PrincipalSID":"S-1-5-21-4194615774-2175524697-3563712290-512","PrincipalType":"Group","RightName":"GenericAll","IsInherited":false},{"PrincipalSID":"S-1-5-21-4194615774-2175524697-3563712290-526","PrincipalType":"Group","RightName":"AddKeyCredentialLink","IsInherited":true},{"PrincipalSID":"S-1-5-21-4194615774-2175524697-3563712290-527","PrincipalType":"Group","RightName":"AddKeyCredentialLink","IsInherited":true},{"PrincipalSID":"S-1-5-21-4194615774-2175524697-3563712290-519","PrincipalType":"Group","RightName":"GenericAll","IsInherited":true},{"PrincipalSID":"BLACKFIELD.LOCAL-S-1-5-32-544","PrincipalType":"Group","RightName":"WriteDacl","IsInherited":true},{"PrincipalSID":"BLACKFIELD.LOCAL-S-1-5-32-544","PrincipalType":"Group","RightName":"WriteOwner","IsInherited":true},{"PrincipalSID":"BLACKFIELD.LOCAL-S-1-5-32-544","PrincipalType":"Group","RightName":"GenericWrite","IsInherited":true}],"ObjectIdentifier":"S-1-5-21-4194615774-2175524697-3563712290-1417","IsDeleted":false,"IsACLProtected":false},{"Properties":{"domain":"BLACKFIELD.LOCAL","name":"PC02.BLACKFIELD.LOCAL","distinguishedname":"CN=PC02,CN=COMPUTERS,DC=BLACKFIELD,DC=LOCAL","domainsid":"S-1-5-21-4194615774-2175524697-3563712290","highvalue":false,"samaccountname":"PC02$","haslaps":false,"description":null,"whencreated":1582907026,"enabled":true,"unconstraineddelegation":false,"trustedtoauth":false,"lastlogon":0,"lastlogontimestamp":-1,"pwdlastset":1582935826,"serviceprincipalnames":[],"operatingsystem":null,"sidhistory":[]},"PrimaryGroupSID":"S-1-5-21-4194615774-2175524697-3563712290-515","AllowedToDelegate":[],"AllowedToAct":[],"HasSIDHistory":[],"Sessions":{"Results":[],"Collected":false,"FailureReason":null},"PrivilegedSessions":{"Results":[],"Collected":false,"FailureReason":null},"RegistrySessions":{"Results":[],"Collected":false,"FailureReason":null},"LocalAdmins":{"Results":[],"Collected":false,"FailureReason":null},"RemoteDesktopUsers":{"Results":[],"Collected":false,"FailureReason":null},"DcomUsers":{"Results":[],"Collected":false,"FailureReason":null},"PSRemoteUsers":{"Results":[],"Collected":false,"FailureReason":null},"Status":null,"Aces":[{"PrincipalSID":"S-1-5-21-4194615774-2175524697-3563712290-512","PrincipalType":"Group","RightName":"Owns","IsInherited":false},{"PrincipalSID":"BLACKFIELD.LOCAL-S-1-5-32-548","PrincipalType":"Group","RightName":"GenericAll","IsInherited":false},{"PrincipalSID":"S-1-5-21-4194615774-2175524697-3563712290-512","PrincipalType":"Group","RightName":"GenericAll","IsInherited":false},{"PrincipalSID":"S-1-5-21-4194615774-2175524697-3563712290-526","PrincipalType":"Group","RightName":"AddKeyCredentialLink","IsInherited":true},{"PrincipalSID":"S-1-5-21-4194615774-2175524697-3563712290-527","PrincipalType":"Group","RightName":"AddKeyCredentialLink","IsInherited":true},{"PrincipalSID":"S-1-5-21-4194615774-2175524697-3563712290-519","PrincipalType":"Group","RightName":"GenericAll","IsInherited":true},{"PrincipalSID":"BLACKFIELD.LOCAL-S-1-5-32-544","PrincipalType":"Group","RightName":"WriteDacl","IsInherited":true},{"PrincipalSID":"BLACKFIELD.LOCAL-S-1-5-32-544","PrincipalType":"Group","RightName":"WriteOwner","IsInherited":true},{"PrincipalSID":"BLACKFIELD.LOCAL-S-1-5-32-544","PrincipalType":"Group","RightName":"GenericWrite","IsInherited":true}],"ObjectIdentifier":"S-1-5-21-4194615774-2175524697-3563712290-1416","IsDeleted":false,"IsACLProtected":false},{"Properties":{"domain":"BLACKFIELD.LOCAL","name":"DC01.BLACKFIELD.LOCAL","distinguishedname":"CN=DC01,OU=DOMAIN CONTROLLERS,DC=BLACKFIELD,DC=LOCAL","domainsid":"S-1-5-21-4194615774-2175524697-3563712290","highvalue":false,"samaccountname":"DC01$","haslaps":false,"description":null,"whencreated":1582427640,"enabled":true,"unconstraineddelegation":true,"trustedtoauth":false,"lastlogon":1705788251,"lastlogontimestamp":1705788248,"pwdlastset":1705788238,"serviceprincipalnames":["Dfsr-12F9A27C-BF97-4787-9364-D31B6C55EB04/DC01.BLACKFIELD.local","ldap/DC01.BLACKFIELD.local/ForestDnsZones.BLACKFIELD.local","ldap/DC01.BLACKFIELD.local/DomainDnsZones.BLACKFIELD.local","TERMSRV/DC01","TERMSRV/DC01.BLACKFIELD.local","DNS/DC01.BLACKFIELD.local","GC/DC01.BLACKFIELD.local/BLACKFIELD.local","RestrictedKrbHost/DC01.BLACKFIELD.local","RestrictedKrbHost/DC01","RPC/2a754031-e5c5-4e88-bb09-09aae693753c._msdcs.BLACKFIELD.local","HOST/DC01/BLACKFIELD","HOST/DC01.BLACKFIELD.local/BLACKFIELD","HOST/DC01","HOST/DC01.BLACKFIELD.local","HOST/DC01.BLACKFIELD.local/BLACKFIELD.local","E3514235-4B06-11D1-AB04-00C04FC2DCD2/2a754031-e5c5-4e88-bb09-09aae693753c/BLACKFIELD.local","ldap/DC01/BLACKFIELD","ldap/2a754031-e5c5-4e88-bb09-09aae693753c._msdcs.BLACKFIELD.local","ldap/DC01.BLACKFIELD.local/BLACKFIELD","ldap/DC01","ldap/DC01.BLACKFIELD.local","ldap/DC01.BLACKFIELD.local/BLACKFIELD.local"],"operatingsystem":"Windows Server 2019 Standard","sidhistory":[]},"PrimaryGroupSID":"S-1-5-21-4194615774-2175524697-3563712290-516","AllowedToDelegate":[],"AllowedToAct":[],"HasSIDHistory":[],"Sessions":{"Results":[],"Collected":false,"FailureReason":"ERROR_ACCESS_DENIED"},"PrivilegedSessions":{"Results":[],"Collected":false,"FailureReason":"ERROR_ACCESS_DENIED"},"RegistrySessions":{"Results":[{"UserSID":"S-1-5-21-4194615774-2175524697-3563712290-1413","ComputerSID":"S-1-5-21-4194615774-2175524697-3563712290-1000"},{"UserSID":"S-1-5-21-4194615774-2175524697-3563712290-500","ComputerSID":"S-1-5-21-4194615774-2175524697-3563712290-1000"}],"Collected":true,"FailureReason":null},"LocalAdmins":{"Results":[{"ObjectIdentifier":"S-1-5-21-4194615774-2175524697-3563712290-500","ObjectType":"User"},{"ObjectIdentifier":"S-1-5-21-4194615774-2175524697-3563712290-519","ObjectType":"Group"},{"ObjectIdentifier":"S-1-5-21-4194615774-2175524697-3563712290-512","ObjectType":"Group"}],"Collected":true,"FailureReason":null},"RemoteDesktopUsers":{"Results":[],"Collected":true,"FailureReason":null},"DcomUsers":{"Results":[],"Collected":true,"FailureReason":null},"PSRemoteUsers":{"Results":[{"ObjectIdentifier":"S-1-5-21-4194615774-2175524697-3563712290-1413","ObjectType":"User"}],"Collected":true,"FailureReason":null},"Status":null,"Aces":[{"PrincipalSID":"S-1-5-21-4194615774-2175524697-3563712290-512","PrincipalType":"Group","RightName":"Owns","IsInherited":false},{"PrincipalSID":"S-1-5-21-4194615774-2175524697-3563712290-512","PrincipalType":"Group","RightName":"GenericAll","IsInherited":false},{"PrincipalSID":"S-1-5-21-4194615774-2175524697-3563712290-526","PrincipalType":"Group","RightName":"AddKeyCredentialLink","IsInherited":true},{"PrincipalSID":"S-1-5-21-4194615774-2175524697-3563712290-527","PrincipalType":"Group","RightName":"AddKeyCredentialLink","IsInherited":true},{"PrincipalSID":"S-1-5-21-4194615774-2175524697-3563712290-519","PrincipalType":"Group","RightName":"GenericAll","IsInherited":true},{"PrincipalSID":"BLACKFIELD.LOCAL-S-1-5-32-544","PrincipalType":"Group","RightName":"WriteDacl","IsInherited":true},{"PrincipalSID":"BLACKFIELD.LOCAL-S-1-5-32-544","PrincipalType":"Group","RightName":"WriteOwner","IsInherited":true},{"PrincipalSID":"BLACKFIELD.LOCAL-S-1-5-32-544","PrincipalType":"Group","RightName":"GenericWrite","IsInherited":true}],"ObjectIdentifier":"S-1-5-21-4194615774-2175524697-3563712290-1000","IsDeleted":false,"IsACLProtected":false}],"meta":{"methods":29695,"type":"computers","count":18,"version":5}}