﻿{"data":[{"GPOChanges":{"LocalAdmins":[],"RemoteDesktopUsers":[],"DcomUsers":[],"PSRemoteUsers":[],"AffectedComputers":[{"ObjectIdentifier":"S-1-5-21-4194615774-2175524697-3563712290-1000","ObjectType":"Computer"},{"ObjectIdentifier":"S-1-5-21-4194615774-2175524697-3563712290-1415","ObjectType":"Computer"},{"ObjectIdentifier":"S-1-5-21-4194615774-2175524697-3563712290-1416","ObjectType":"Computer"},{"ObjectIdentifier":"S-1-5-21-4194615774-2175524697-3563712290-1417","ObjectType":"Computer"},{"ObjectIdentifier":"S-1-5-21-4194615774-2175524697-3563712290-1418","ObjectType":"Computer"},{"ObjectIdentifier":"S-1-5-21-4194615774-2175524697-3563712290-1419","ObjectType":"Computer"},{"ObjectIdentifier":"S-1-5-21-4194615774-2175524697-3563712290-1420","ObjectType":"Computer"},{"ObjectIdentifier":"S-1-5-21-4194615774-2175524697-3563712290-1421","ObjectType":"Computer"},{"ObjectIdentifier":"S-1-5-21-4194615774-2175524697-3563712290-1422","ObjectType":"Computer"},{"ObjectIdentifier":"S-1-5-21-4194615774-2175524697-3563712290-1423","ObjectType":"Computer"},{"ObjectIdentifier":"S-1-5-21-4194615774-2175524697-3563712290-1424","ObjectType":"Computer"},{"ObjectIdentifier":"S-1-5-21-4194615774-2175524697-3563712290-1425","ObjectType":"Computer"},{"ObjectIdentifier":"S-1-5-21-4194615774-2175524697-3563712290-1426","ObjectType":"Computer"},{"ObjectIdentifier":"S-1-5-21-4194615774-2175524697-3563712290-1427","ObjectType":"Computer"},{"ObjectIdentifier":"S-1-5-21-4194615774-2175524697-3563712290-1428","ObjectType":"Computer"},{"ObjectIdentifier":"S-1-5-21-4194615774-2175524697-3563712290-1429","ObjectType":"Computer"},{"ObjectIdentifier":"S-1-5-21-4194615774-2175524697-3563712290-1430","ObjectType":"Computer"},{"ObjectIdentifier":"S-1-5-21-4194615774-2175524697-3563712290-1431","ObjectType":"Computer"}]},"Properties":{"domain":"BLACKFIELD.LOCAL","name":"BLACKFIELD.LOCAL","distinguishedname":"DC=BLACKFIELD,DC=LOCAL","domainsid":"S-1-5-21-4194615774-2175524697-3563712290","highvalue":true,"description":null,"whencreated":1582427586,"functionallevel":"2016"},"ChildObjects":[{"ObjectIdentifier":"543854A8-CB6C-4146-A2DE-3321032BC5C4","ObjectType":"Container"},{"ObjectIdentifier":"0339C869-D22E-445F-AC1B-0E773AEB5233","ObjectType":"OU"},{"ObjectIdentifier":"E1AB4813-6EA3-4F97-BD95-C1ECA9F1B30B","ObjectType":"Container"},{"ObjectIdentifier":"29CB6BA7-38C7-4DD0-BE12-517863ABA852","ObjectType":"Container"},{"ObjectIdentifier":"271C686D-6555-44AF-8878-4ECC17AAAE35","ObjectType":"Container"}],"Trusts":[],"Links":[{"IsEnforced":false,"GUID":"1A81DEFB-BBBD-488B-8A35-17FA4F6D6264"}],"Aces":[{"PrincipalSID":"BLACKFIELD.LOCAL-S-1-5-32-544","PrincipalType":"Group","RightName":"Owns","IsInherited":false},{"PrincipalSID":"BLACKFIELD.LOCAL-S-1-5-32-544","PrincipalType":"Group","RightName":"WriteDacl","IsInherited":false},{"PrincipalSID":"BLACKFIELD.LOCAL-S-1-5-32-544","PrincipalType":"Group","RightName":"WriteOwner","IsInherited":false},{"PrincipalSID":"BLACKFIELD.LOCAL-S-1-5-32-544","PrincipalType":"Group","RightName":"AllExtendedRights","IsInherited":false},{"PrincipalSID":"S-1-5-21-4194615774-2175524697-3563712290-512","PrincipalType":"Group","RightName":"WriteDacl","IsInherited":false},{"PrincipalSID":"S-1-5-21-4194615774-2175524697-3563712290-512","PrincipalType":"Group","RightName":"WriteOwner","IsInherited":false},{"PrincipalSID":"S-1-5-21-4194615774-2175524697-3563712290-512","PrincipalType":"Group","RightName":"AllExtendedRights","IsInherited":false},{"PrincipalSID":"S-1-5-21-4194615774-2175524697-3563712290-519","PrincipalType":"Group","RightName":"GenericAll","IsInherited":false},{"PrincipalSID":"BLACKFIELD.LOCAL-S-1-5-9","PrincipalType":"Group","RightName":"GetChanges","IsInherited":false},{"PrincipalSID":"BLACKFIELD.LOCAL-S-1-5-9","PrincipalType":"Group","RightName":"GetChangesInFilteredSet","IsInherited":false},{"PrincipalSID":"BLACKFIELD.LOCAL-S-1-5-32-544","PrincipalType":"Group","RightName":"GetChangesAll","IsInherited":false},{"PrincipalSID":"BLACKFIELD.LOCAL-S-1-5-32-544","PrincipalType":"Group","RightName":"GetChanges","IsInherited":false},{"PrincipalSID":"BLACKFIELD.LOCAL-S-1-5-32-544","PrincipalType":"Group","RightName":"GetChangesInFilteredSet","IsInherited":false},{"PrincipalSID":"S-1-5-21-4194615774-2175524697-3563712290-498","PrincipalType":"Group","RightName":"GetChanges","IsInherited":false},{"PrincipalSID":"S-1-5-21-4194615774-2175524697-3563712290-516","PrincipalType":"Group","RightName":"GetChangesAll","IsInherited":false}],"ObjectIdentifier":"S-1-5-21-4194615774-2175524697-3563712290","IsDeleted":false,"IsACLProtected":false}],"meta":{"methods":29695,"type":"domains","count":1,"version":5}}